Id,shopname,shopsite,abstract,shoptype,score_all,qualification,foundtime,addr,tel,contactinfo,opentime
316,波涛装饰(浦东设计中心),http://www.shbotao.net,“上海家装十强”，建筑装修装饰工程国家一级资质。集团先后荣获“中国装饰知名品牌”、全国装饰装修“百强企业”、上海市装饰装修行业“五星级企业”等一系列光辉荣誉。,装修,A,建筑装修装饰工程国家一级资质、装饰工程设计乙级资质,2002,沪南公路2178号红星美凯龙B1楼魔法空间设计广场G8071室,021-51575218,电话:021-51575218,9：30-17：30 为了更好的安排 请提前电话预约 021-51575218（24h） 谢谢配合！
15,波涛装饰(徐汇设计中心),http://www.shbotao.net,“上海家装十强”，建筑装修装饰工程国家一级资质。集团先后荣获“中国装饰知名品牌”、全国装饰装修“百强企业”、上海市装饰装修行业“五星级企业”等一系列光辉荣誉。,装修,A,建筑装修装饰工程国家一级资质、装饰工程设计乙级资质,2002,中山西路2331号波涛建材市场2楼(近华亭宾馆),021-51575218,电话:021-51575218,9：30-17：30 为了更好的安排 请提前电话预约 021-51575218（24h） 谢谢配合！
398,春亭装饰(浦东店),http://www.shctzh.com/,上海十强企业之一，专注于别墅装修设计,装修,A,设计施工二级资质,2001,东方路1870号(近龙阳路),4008203292,,9:00-18:00
37,春亭装饰(徐汇店),http://www.shctzh.com/,上海十强企业之一，专注于别墅装修设计,装修,A,设计施工二级资质,2001,零陵路899号29楼E室(近上海体育馆),021-64878586,,41535
625,帝涵装潢,http://www.shdihan.com/,上海十大家装品牌企业，2012年中国家居装饰500强品牌企业。截止2012年年底，公司在上海设有普陀管理总部和闵行、闸北、徐汇三大设计中心。,装修,A,设计与施工一级,2001,中山北路2052号振源大厦内(光新路中山北路),,,
217,红蚂蚁装潢(长宁店),http://www.sh-hongmayi.com/,,装修,A,设计与施工一级,,天山西路78号(近北新泾地铁站),,,
854,红蚂蚁装潢(黄兴路店),http://www.sh-hongmayi.com/,,装修,A,设计与施工一级,,黄兴路1661号(大润发对面),021-55069106 ,,
373,红蚂蚁装潢(永泰路店),http://www.sh-hongmayi.com/,,装修,A,设计与施工一级,,永泰路1398号(近环林东路),021-50656549,,
393,鸿磊建筑装潢设计,http://shhlzs.cn/,公司凭借“品牌源自质量，口碑来自诚信”的企业理念，鸿磊装潢为消费者提供最完善最周到的全程服务，以“注重细节，追求完美”的质量方针谋求发展。鸿磊装潢以极富创意的灵性设计和风格多元化的家装服务，在本市的不同小区留下了许多绿色健康自然的精品之作。,装修,A,专业级,,长清路989号(近6号线灵岩南路口),021-33929736&nbsp;13564532248,,8:00---22:00  节假日照常服务
201,惠居装饰设计中心,http://www.huijuzh.com/,"是较早一批上海市装饰装修行业协会会员单位,上海装潢网络监督品牌单位，通过了ISO9001:2000国际质量体系认证，荣获了上海市顾客满意单位，取得了上海市装饰施工专业级资质证书，成为全国住宅装饰装修行业知名品牌企业，同时经过对装饰材料的严格把关，坚决使用环保型材料，成为上海市绿色家居.环保施工推荐单位。",装修,A,专业级,2001,凯旋路3500号华苑大厦1号楼8E,,,
354,吉美装潢(城南路店),http://www.jeami.com/,是目前上海较具规模的建筑装饰公司之一，荣获由上海市建委颁发的施工设计一体化二级资质单位！,装修,A,设计与施工一级,1998年,惠南镇城南路45-49号(近蟠桃宫),021-68037018,,9：00-17：30
516,金昕装饰设计(浦东大道店),http://www.jinxin-sh.com/,是一家具有专业装饰资质的老牌企业。（资质号jz-3101130392），市民放心企业。,装修,A,专业级,1998年,浦东大道1807号,021-58211352,,
44,九鼎建筑装潢,http://www.cn9d.com/,上海十大家装品牌企业，专业从事住宅、别墅、酒店、商铺、写字楼等设计与施工的装饰装修公司，具有住宅装饰一级资质，建筑装饰二级资质，是浙江省规模最大的室内装饰装修企业,装修,A,住宅装饰一级资质，建筑装饰二级资质,1998,沪闵路9512弄1号楼801室(沪闵路申南路),,,
346,九鼎装饰(浦东店),http://www.cn9d.com/,上海十大家装品牌企业，专业从事住宅、别墅、酒店、商铺、写字楼等设计与施工的装饰装修公司，具有住宅装饰一级资质，建筑装饰二级资质，是浙江省规模最大的室内装饰装修企业,装修,A,住宅装饰一级资质，建筑装饰二级资质,1998,东方路730号裕安大厦409室(近世纪大道地铁站),021-50586102,,地铁2、4、6、9号线
35,九鼎装饰(徐汇店),http://www.cn9d.com/,上海十大家装品牌企业，专业从事住宅、别墅、酒店、商铺、写字楼等设计与施工的装饰装修公司，具有住宅装饰一级资质，建筑装饰二级资质，是浙江省规模最大的室内装饰装修企业,装修,A,住宅装饰一级资质，建筑装饰二级资质,1998,漕宝路78号光大会展中心D座2405室(漕溪路口),021-64325779,,
216,聚通装潢(长宁设计中心),http://www.jt111.com,上海家装十强联盟,装修,A,建筑装饰装修工程设计与施工国家一级资质,,仙霞路1128号(近林泉路),8009881893&nbsp;62916813,,9:00-20:00
341,聚通装潢(川沙设计中心),http://www.jt111.com,上海家装十强联盟,装修,A,建筑装饰装修工程设计与施工国家一级资质,,妙境路646号(近城南路),8009881893&nbsp;58378491,,
396,聚通装潢(沪南设计中心),http://www.jt111.com,上海家装十强联盟,装修,A,建筑装饰装修工程设计与施工国家一级资质,,临御路518号红星美凯龙B1楼G8073号铺,8009881893&nbsp;68920659,,9:00-18:00
288,聚通装潢(静安设计中心),http://www.jt111.com,上海家装十强联盟,装修,A,建筑装饰装修工程设计与施工国家一级资质,,南京西路580号南证大厦B座9G(近成都北路),8009881893&nbsp;62173462,,9:00-18:00
342,聚通装潢(陆家嘴设计中心),http://www.jt111.com,上海家装十强联盟,装修,A,建筑装饰装修工程设计与施工国家一级资质,,浦东南路1068号中融国际商城1206室(近张杨路),8009881893&nbsp;68876038,,10:00--20:00
616,聚通装潢(普陀设计中心),http://www.jt111.com,上海家装十强联盟,装修,A,建筑装饰装修工程设计与施工国家一级资质,,武宁路2101号嘉安大厦3楼(近杨柳青路),8009881893&nbsp;52658825,,9:00-20:00
365,聚通装潢(三林设计中心),http://www.jt111.com,上海家装十强联盟,装修,A,建筑装饰装修工程设计与施工国家一级资质,,杨思路663-665号(近上南路),8009881893&nbsp;68526996,,9:00-20:00
318,聚通装潢(塘桥设计中心),http://www.jt111.com,上海家装十强联盟,装修,A,建筑装饰装修工程设计与施工国家一级资质,,东方路1619号(浦建路口),8009881893&nbsp;50893190,,9:00--20:00
39,聚通装潢(徐汇设计中心),http://www.jt111.com,上海家装十强联盟,装修,A,建筑装饰装修工程设计与施工国家一级资质,,虹桥路188号元福大厦2801室(近宜山路),8009881893&nbsp;64691100,,9:00-20:00
879,聚通装潢(杨浦设计中心),http://www.jt111.com,上海家装十强联盟,装修,A,建筑装饰装修工程设计与施工国家一级资质,,延吉中路102号(近双阳路),8009881893&nbsp;65390959,,9:00-20:00
350,聚通装潢(总部管理中心),http://www.jt111.com,上海家装十强联盟,装修,A,建筑装饰装修工程设计与施工国家一级资质,,德州路300弄15号(近上南路),8009881893&nbsp;58326699-306,,早8:00至晚10:00
371,郎观装饰设计,http://www.lg1997.com/index.aspx,全透明施工，让您在家也可以看到您家的装修进度,装修,A,专业级,,东方路1523弄3号11c铺(近浦建路),021-52739601,,9: 00 -- 18: 00
213,朗观装饰设计,www.lg1997.comm ,全透明施工，让您在家也可以看到您家的装修进度,装修,A,专业级,,凯旋路168号凯旋坊创意园8幢1楼B-F座,021-52739603,,
535,舒雅装饰设计(总店),http://www.shuyazs.com/,公司拥有一批年轻、高效的设计团队和资深务实的工程管理人员，以“有限空间、无限创意”的理念精心设计，使您家居每一寸有效空间倍感温馨、安逸。“专业化、现代化、规范化”的施工队伍使每项工程质量得到了有力保障；标准的选材、规范的合同、完善的服务使您无后顾之优。 ,装修/设计,A,专业级。市家庭装饰行业协会会员单位T0982，市家庭装饰专业级资质单位。,,金台路21号(近枣庄路),021-61094621,,9:00——21:00
438,苏涛装潢(妙境路店),http://www.stspf.com/,"上海苏涛建筑装潢工程有限公司是一家集设计施工工艺装饰一体化的品牌公司。公司创建以来一贯坚持""以人为本，质量先行""的经营理念。本着对客户负责，对社会负责的精神。何任高档楼宇、别墅、商务、展厅还是二手房翻新。始终恪尽责守，尽心、尽责、尽力， 至使一次装修、一生享受已成为客户对苏涛的一致评价，故此苏涛的业务总量回头客达到了80%以上，同时也得到了社会的肯定。被授于""诚心服务、优秀家装""""健康检测""等荣誉称号。",装修/设计,A,专业级,,妙境路644号,021-50372735,,
450,苏涛装潢(张扬路店),http://www.stspf.com/,"上海苏涛建筑装潢工程有限公司是一家集设计施工工艺装饰一体化的品牌公司。公司创建以来一贯坚持""以人为本，质量先行""的经营理念。本着对客户负责，对社会负责的精神。何任高档楼宇、别墅、商务、展厅还是二手房翻新。始终恪尽责守，尽心、尽责、尽力， 至使一次装修、一生享受已成为客户对苏涛的一致评价，故此苏涛的业务总量回头客达到了80%以上，同时也得到了社会的肯定。被授于""诚心服务、优秀家装""""健康检测""等荣誉称号。",装修/设计,A,专业级,,张杨路2081号(近巨野路),021-20243018&nbsp;58372735,,上午9.00   下午6.00
523,泰实装潢设计,http://www.taishizh.com/,　泰实装潢设计有限公司，是一家从事中高档室内外装潢的优秀，工程公司。公司拥有一支设计新颖、风格独特、技术一流的设计师队伍，他们善于把握客户的生活品味，充分利用居室空间，结合自己的独特设计，为客户营造了一个个温馨的家园。为您有限的空间构画无限创意。,装修/设计,A,专业级,,浦东大道1645号(近巨野路),021-20237876,,8；00-22；00
225,同济经典设计(长宁店),http://www.tongji021.com/,上海十大家装品牌企业，汇聚大量来自于同济大学的室内设计精英和多位国家级注册室内设计师，专业从事别墅、复式、精品公寓的设计与施工,装修,A,专业级,1994,宣化路300号华宁国际广场16楼,021-65975306&nbsp;15921651314,,
873,同济经典设计(国康路总店),http://www.tongji021.com/,上海十大家装品牌企业，汇聚大量来自于同济大学的室内设计精英和多位国家级注册室内设计师，专业从事别墅、复式、精品公寓的设计与施工,装修,A,专业级,1994,国康路46号同济科技大厦13楼(近同济大学),021-65975306,电话:021-65975306,9：30-17：30（来店前请电话预约）
336,同济经典设计(浦东店),http://www.tongji021.com/,上海十大家装品牌企业，汇聚大量来自于同济大学的室内设计精英和多位国家级注册室内设计师，专业从事别墅、复式、精品公寓的设计与施工,装修,A,专业级,1994,沪南路2178号红星美凯龙B1楼,021-65979968&nbsp;15921651314,,
332,统帅装饰(东方路店),http://www.tszh.net/,上海十强企业之一，中高端上海装修公司，国家设计与施工一级资质单位。现有员工近1000人，100多名设计师。曾承接全国多项高级写字楼、酒店、商场、中高档住宅楼盘等项目的装饰设计与施工.现已成为中国装饰装修行业百强企业、全国金牌施工企业、上海名牌、上海市首批规范服务达标五星级企业、曾获国家和市级多项殊荣。,装修,A,设计与施工一级,,东方路1387号绚丽布艺大厦3楼(近蓝村路地铁站),4008204565,,9:00~18:00
643,统帅装饰(金沙江路店),http://www.tszh.net/,上海十强企业之一，中高端上海装修公司，国家设计与施工一级资质单位。现有员工近1000人，100多名设计师。曾承接全国多项高级写字楼、酒店、商场、中高档住宅楼盘等项目的装饰设计与施工.现已成为中国装饰装修行业百强企业、全国金牌施工企业、上海名牌、上海市首批规范服务达标五星级企业、曾获国家和市级多项殊荣。,装修,A,设计与施工一级,,金沙江路1989号金沙商务广场804室(近真光路),4008204565,,
41,统帅装饰(徐汇店),http://www.tszh.net/,上海十强企业之一，中高端上海装修公司，国家设计与施工一级资质单位。现有员工近1000人，100多名设计师。曾承接全国多项高级写字楼、酒店、商场、中高档住宅楼盘等项目的装饰设计与施工.现已成为中国装饰装修行业百强企业、全国金牌施工企业、上海名牌、上海市首批规范服务达标五星级企业、曾获国家和市级多项殊荣。,装修,A,设计与施工一级,,零陵路899号飞洲国际大厦20楼(近上海体育馆),4008204565&nbsp;50393929,,9:30~18:30
320,星杰国际设计,http://www.xingjiesj.com/,"“上海家装十强”。星杰家装集团的核心业务定位高端家装，目前拥有资深设计师100多名，各类管理、技术、施工人员超1000人。集团拥有上海最大的海归设计师团队，100多位资深设计师拥有国际化的设计视野和平均10年以上的别墅大宅设计资历；同时，集团针对别墅大宅业主对施工技术的特别要求，研发了全新的施工服务与管理体系——海派精工。海派精工是科技环保、以人为本的家居装饰施工全体系，代表当今中国家装工程技术最高水平。_x000D_
",装修,A,设计与施工一级,2001,张杨路1254-1258号(松林路口),4006802550,,9:00-21:00
262,杨艺室内装饰(淞虹路店),http://www.sh-yangyi.com/,"成立于 2001 年,以技术优良,实力雄厚的大型科技集团后盾,拥有木门、线条厂、大理石加工厂等.公司于 2001年成立设计部,现有设计人员30多名,拥有江苏施工队近百支,可承接各类室内外装饰,装修工程,更有丰富的复式房、别墅、宾馆、酒楼、高档美容 院、办公室等工程的装潢施工经验.工艺标准和设计标准全部按市装饰装修行业协会批文实施。公司员工具有良好的法律观念、职业道德和精湛的业务能力，规范操 作，强化安全意识，准确用料，保证施工质量和施工进度。",装修/设计,A,专业级,2001,淞虹路116号(天山西路口),,,
153,杨艺室内装饰(斜土路店),http://www.sh-yangyi.com/,"成立于 2001 年,以技术优良,实力雄厚的大型科技集团后盾,拥有木门、线条厂、大理石加工厂等.公司于 2001年成立设计部,现有设计人员30多名,拥有江苏施工队近百支,可承接各类室内外装饰,装修工程,更有丰富的复式房、别墅、宾馆、酒楼、高档美容 院、办公室等工程的装潢施工经验.工艺标准和设计标准全部按市装饰装修行业协会批文实施。公司员工具有良好的法律观念、职业道德和精湛的业务能力，规范操 作，强化安全意识，准确用料，保证施工质量和施工进度。",装修/设计,A,专业级,2001,斜土路1755号503室(近枫林路),,,
498,杨艺室内装饰(杨思路店),http://www.sh-yangyi.com/,"成立于 2001 年,以技术优良,实力雄厚的大型科技集团后盾,拥有木门、线条厂、大理石加工厂等.公司于 2001年成立设计部,现有设计人员30多名,拥有江苏施工队近百支,可承接各类室内外装饰,装修工程,更有丰富的复式房、别墅、宾馆、酒楼、高档美容 院、办公室等工程的装潢施工经验.工艺标准和设计标准全部按市装饰装修行业协会批文实施。公司员工具有良好的法律观念、职业道德和精湛的业务能力，规范操 作，强化安全意识，准确用料，保证施工质量和施工进度。",装修/设计,A,专业级,2001,杨思路502弄1号207室(近地铁8号线),,,
645,杨艺室内装饰(志丹路店),http://www.sh-yangyi.com/,"成立于 2001 年,以技术优良,实力雄厚的大型科技集团后盾,拥有木门、线条厂、大理石加工厂等.公司于 2001年成立设计部,现有设计人员30多名,拥有江苏施工队近百支,可承接各类室内外装饰,装修工程,更有丰富的复式房、别墅、宾馆、酒楼、高档美容 院、办公室等工程的装潢施工经验.工艺标准和设计标准全部按市装饰装修行业协会批文实施。公司员工具有良好的法律观念、职业道德和精湛的业务能力，规范操 作，强化安全意识，准确用料，保证施工质量和施工进度。",装修/设计,A,专业级,2001,志丹路205号(近新村路),,,
126,杨艺室内装饰(中山西路店),http://www.sh-yangyi.com/,"成立于 2001 年,以技术优良,实力雄厚的大型科技集团后盾,拥有木门、线条厂、大理石加工厂等.公司于 2001年成立设计部,现有设计人员30多名,拥有江苏施工队近百支,可承接各类室内外装饰,装修工程,更有丰富的复式房、别墅、宾馆、酒楼、高档美容 院、办公室等工程的装潢施工经验.工艺标准和设计标准全部按市装饰装修行业协会批文实施。公司员工具有良好的法律观念、职业道德和精湛的业务能力，规范操 作，强化安全意识，准确用料，保证施工质量和施工进度。",装修/设计,A,专业级,2001,中山西路1257号3楼(近吴中路),,,
247,云兰装潢(长宁店),http://www.shyunlan.com/,上海十强企业之一，国家二级资质企业，全国家装百强，上海家庭装潢五星级企业，AAAA级诚信企业,装修,A,设计与施工一级,,天山路145号(近双流路),021-62590005,,
871,云兰装潢(虹口店),http://www.shyunlan.com/,上海十强企业之一，国家二级资质企业，全国家装百强，上海家庭装潢五星级企业，AAAA级诚信企业,装修,A,设计与施工一级,,大连路1172号(大连路新港路),021-55953668&nbsp;55956698,,
633,云兰装潢(桃浦店),http://www.shyunlan.com/,上海十强企业之一，国家二级资质企业，全国家装百强，上海家庭装潢五星级企业，AAAA级诚信企业,装修,A,设计与施工一级,,桃浦路329号(桃浦路真北路),,,
78,云兰装潢(田东路店),http://www.shyunlan.com/,上海十强企业之一，国家二级资质企业，全国家装百强，上海家庭装潢五星级企业，AAAA级诚信企业,装修,A,设计与施工一级,,田东路379号(近漕溪北路),021-64410299&nbsp;64686287,,
866,云兰装潢(营口路店),http://www.shyunlan.com/,上海十强企业之一，国家二级资质企业，全国家装百强，上海家庭装潢五星级企业，AAAA级诚信企业,装修,A,设计与施工一级,,营口路856号,021-55227578,,
747,云兰装潢(闸北店),http://www.shyunlan.com/,上海十强企业之一，国家二级资质企业，全国家装百强，上海家庭装潢五星级企业，AAAA级诚信企业,装修,A,设计与施工一级,2003,共和新路4542-4544号(近保德路),021-56476088&nbsp;56480018,,8.30-20.00
536,正州装饰工程,http://www.guozhanfang.cn/,"上海正州装饰工程有限公司是一家从事家庭装修设计和室内装修施工的专业单位,是上海市建筑装潢专业级资质企业，本公司专业从事家庭装潢、家庭装修服务、包括新房、二手房、二次装修、单项装修服务为主上海家庭装饰和办公环境的室内外建筑装饰设计和施工，于2005年被授予“绿色健康装潢定点检测单位”、“质量放心监督单位”称号，是上海市建筑装潢业资质单位。",装修/设计,A,专业级,,华夏二路430号(近华夏东路),021-58376637&nbsp;58585675,,每周上午8:00-下午18:00
549,志焰装饰装潢,http://www.shzyzh.com/,"志焰装潢(全称上海志焰实业有限公司,注册资金五百万）上海家庭装潢专业委员会 会员证号：T1960上海装修装饰行业资质证书证书编号;JZ—3102261631全国重质量诚信品牌联盟单位查询网 址;www.315weekly.com网络品牌监督单位理赔上限20万  查询网址：www.zx1z.com）上海市规范服务达标企业2012年上海市家庭装饰装修信得过企业上海志焰装潢公司荟萃装修设计精英于一体，具有较 强的综合技术实力，凭借着现代的创意，严谨的施工管理及先进的技术和优良品质的材料，以“忠诚事业、服务敬业”为企业精神，近几年来先后承接并完成了一系 列酒店、餐厅、舞厅等饮食、娱乐场所的装修，和众多著名企事业单位的办公用房的装修.  ",装修/设计,A,专业级,,川沙镇妙境路642号,021-58985226,,8：00-21：00
629,2018空间设计,http://www.2018ds.cn/,2018拥有一支富有创意的室内设计团队，善于把握客户的生活品位，在展现顾客个性的同时，充分利用空间，营造整体的风格，并给客户以专业意见。上海市装饰装修行业协会员单位、上海市建筑装饰装修工程施工叁级资质企业,装修,B,上海市建筑装饰装修工程施工叁级资质企业,2005,上海市徐汇区宜山路515号,4008802018,"QQ:38792018
zhenzh1320@hotmail.com",08：00------21：00
620,ABA空间设计,,"拥有设计与施工双重资质的专业装饰工程公司,是拥有建设部专业设计资质乙级、建筑装饰装修工程施工二级的资深企业。",装修,B,建设部专业设计资质乙级、建筑装饰装修工程施工二级资质,2004,凯旋北路1311弄52号1503室(近金沙江路地铁站),021-52681785 ; 13764257845,,周一~周日 9:00-17:30 节假日无休
271,AE石头设计装潢,http://aestkjsj.tmall.com/,"国家设计乙级+施工二级资质；世博会店铺装修指定商家;1000多个成功案例,白领婚房装修上海著名品牌;精品二手房装修著名网络品牌。",装修,B,国家设计乙级+施工二级资质,,定西路1227弄,4008161695,,09:00—18：00
86,C+空间设计(宜山路店),http://www.cjiadesign.com/,C+创意空间是集设计、施工、监理与一体化的高效装修团队，主要从事家庭、别墅、办公楼宇、商业空间的设计装饰与施工。是上海市装饰行业协会会员单位，拥有建设部专业设计二级、建筑装饰装修工程施工二级资质,装修,B,建设部专业设计二级、建筑装饰装修工程施工二级资质,,上海市徐汇区宜山路520号中华门大厦15楼F座,021-31338331 31338332,QQ：2507366450 ,9：00--21：00
108,De设计,http://www.de-designer.com/,DE设计机构是从事规划、室内、视觉等方面的专业设计品牌。拥有国家建设部核准的“建筑装修装饰工程专业承包壹级资质”及“建筑装饰工程设计甲级资质”，并通过ISO9001、ISO14001、OHSMS18001等管理体系认证，是中国建筑装饰协会理事单位、中国室内装饰协会会员。,装修,B,国家建设部核准的“建筑装修装饰工程专业承包壹级资质”及“建筑装饰工程设计甲级资质”,2002,宜山路290号301-302室(近宜山路地铁站),021-60823025,,9：00--17：00
224,ID城市空间设计,,拥有建设部专业设计二级、建筑装饰装修工程施工二级资质；ID城市空间网络零投诉，与您一起打造温馨的家，我们用心您放心，终身维修，隐蔽工程保修20年,装修,B,建设部专业设计二级、建筑装饰装修工程施工二级资质,2004,定西路1277号长峰大厦506室(近安化路),021-52372576,,9：00--17：00
343,爱屋装饰,http://www.sh-aiwu.com/zhuye.htm,一家具有装饰资质的正规公司，家装协会的会员单位；具有丰富的设计经验，新的设计理念、完善的经营模式和快捷的设计速度,装修,B,,,云山路1257号(灵山路口),021-50702820&nbsp;13122694300,,10：00－22：00
166,傲建建筑装潢设计,http://sh.fenfen.com/61551.html#wrap,3.15联盟，全国AAA品牌企业，隐蔽工程保修十年，丙级设计资质和施工资质,装修,B,丙级设计资质和施工资质,2007,上海市徐汇区苍梧路10号A幢2楼,021-64083017,,
321,奥邦设计装潢,,"专业从事于大宅、别墅空间的装饰设计与施工,建筑设计乙级，施工二级资质",装修,B,设计与施工一级,2002,峨山路111号华晔创意园A座4楼(近杨高路工商银行),021-58310000;400-820-2603,,地铁：4号线、6号线蓝村路站
48,奥邦设计装潢(沪闵路店),,"专业从事于大宅、别墅空间的装饰设计与施工,建筑设计乙级，施工二级资质",装修,B,设计与施工一级,2003,沪闵路8075号虹梅商务大厦415号(近中环路),021-64128307,,周一至周日：9:00-17:30
167,奥满建筑装饰工程,http://aoman-sh.com/about.asp,"上海市装饰行业先进单位,公司通过ISO-9002国际质量认证,经过九年的稳步发展，先后荣获了全国住宅装饰示范工程奖、上海市家庭装饰装修会员单位、上海市建筑装饰协会会员单位、全国住宅装修绿色健康单位等众多殊荣",装修,B,,2002,华发路99弄43号302室(近徐浦大桥),,,
685,百宏装潢,http://www.3198.zxdyw.com/sjal.aspx?MID=3198,从事室内装潢设计、监理施工一体化企业，系上海室内装饰行业协会会员单位,装修,B,,2006,铜川路185弄410-412室(近岚皋路),021-62055719,,上午9:00-下午6:30
431,百景建筑装饰,http://www.choew.cn/index/index.asp,从事中高档室内外装潢工程，上海家装界知名企业,装修,B,,,云台路344号(近浦东南路),021-50868569,,08:00-18:00(节假日不休）
870,百姓装潢(黄兴路店),http://www.shbx.com.cn/,由上海建材集团投资组建的第一家国企正规军，经过十多年的锤炼，已成为全国家装行业的知名龙头企业,装修,B,设计与施工一级,1993,黄兴路1621号(近国顺东路),,,
367,百姓装潢(康沈店),http://www.shbx.com.cn/,由上海建材集团投资组建的第一家国企正规军，经过十多年的锤炼，已成为全国家装行业的知名龙头企业,装修,B,设计与施工一级,1993,康沈路1927号(近南八灶),021-68116009,,
611,百姓装潢(岚皋路店),http://www.shbx.com.cn/,由上海建材集团投资组建的第一家国企正规军，经过十多年的锤炼，已成为全国家装行业的知名龙头企业,装修,B,设计与施工一级,1993,岚皋路85号(近中山北路),021-62034301,,
43,百姓装潢(零陵路店),http://www.shbx.com.cn/,由上海建材集团投资组建的第一家国企正规军，经过十多年的锤炼，已成为全国家装行业的知名龙头企业,装修,B,设计与施工一级,1993,零陵路751弄电影华苑13号(近斜土路),021-64688221&nbsp;54245579,,
335,百姓装潢(浦东南路店),http://www.shbx.com.cn/,由上海建材集团投资组建的第一家国企正规军，经过十多年的锤炼，已成为全国家装行业的知名龙头企业,装修,B,设计与施工一级,1993,浦东南路1956号(峨山路浦东南路),021-58701001,,地铁四号线塘桥站；985、454浦东南路宁阳路
33,百姓装潢(石龙路店),http://www.shbx.com.cn/,由上海建材集团投资组建的第一家国企正规军，经过十多年的锤炼，已成为全国家装行业的知名龙头企业,装修,B,设计与施工一级,1993,石龙路346号(石龙路永川路),021-54084120,,
749,百姓装潢(闸北分部),http://www.shbx.com.cn/,由上海建材集团投资组建的第一家国企正规军，经过十多年的锤炼，已成为全国家装行业的知名龙头企业,装修,B,设计与施工一级,1993,共和新路2307号(近一号线马戏城站),021-56032324,,
619,百姓装潢(真光路店),http://www.shbx.com.cn/,由上海建材集团投资组建的第一家国企正规军，经过十多年的锤炼，已成为全国家装行业的知名龙头企业,装修,B,设计与施工一级,1993,真光路1459号(近曹安路),,,
862,百姓装潢(周家嘴路店),http://www.shbx.com.cn/,由上海建材集团投资组建的第一家国企正规军，经过十多年的锤炼，已成为全国家装行业的知名龙头企业,装修,B,设计与施工一级,1993,周家嘴路1901号(近通北路),,,
554,柏程设计装饰,http://www.bcjzzs.com/,上海市装修装饰行业会员单位，通ISO9001：2000国际质量系认证企业，荣获全国“建筑工程装饰奖” ,装修,B,,,临沂路395号(近华丰路),,,
149,邦隆装饰,http://blog.sina.com.cn/chuangyi80,国家建筑装潢三级资质企业、上海装饰装修行业协会会员，主要从事住宅、商业空间、写字楼的装饰设计与施工,装修,B,国家建筑装潢三级资质,2005,宜山路515号环线广场1号楼11楼C座(近中山西路),021-64510537,,AM9：00~PM5：00
584,宝立建筑装饰,http://www.bowery1.com/Anli.asp,国家一级专业资质、行业30强，不做住宅,装修,B,,1995,浦建路145号强生大厦20楼,021-62601679,,9:00-18:00
798,宝申装潢,http://blog.sina.com.cn/u/2547732377,建筑装修装饰工程施工二级资质、机电设备安装工程施工三级资质的优秀知名企业，上海市建筑装饰装修行业协会会员单位,装修,B,建筑装修装饰工程施工二级资质,1997,永和路609号(近原平路),021-66521803&nbsp;4006565894,,9.00————5.30
281,倍誉装潢,http://beiyuzh.cn.china.cn/,"专业承接：居家、店铺、厂房、办公室楼等室内外装饰装修工程、二手房翻新工程 , 以家居装饰、装修为主",装修,B,,2006,云岭西路22号,13162275065&nbsp;13671831571,QQ：972597986,24小时
671,倍誉装潢装修,http://beiyuzh.cn.china.cn/,"专业承接：居家、店铺、厂房、办公室楼等室内外装饰装修工程、二手房翻新工程 , 以家居装饰、装修为主",装修,B,,2007,云岭路22号(近北新泾),13671831571&nbsp;13162275065,,24小时
686,倍远装饰,http://www.shbyzx.com/,业务包括建筑装饰设计与施工，室内设计与施工,装修,B,,1998,上海杨浦区许昌路辽源三村12号103室,021-66050962&nbsp;31379494,,09：:00——18:00
885,奔程装修(美岸店),,上海市装饰行业协会会员单位,装修,B,,,国权北路828弄179号1层(近美岸栖庭),021-33622100,15317017887,8:00-22:00
391,秉远装潢,http://www.bingyuanzh.com/,国家甲级设计，一级施工单位中建三局装饰公司成员组建,装修,B,国家甲级设计，一级施工资质,,张扬北路506号,021-50266011,,地铁6号线博兴路站
90,博诚·筑家,,设计服务个性化，施工服务专业化，客户服务系统化,装修,B,,2001,宜山路515号1号楼14楼A、B座(近博库书城),021-54083220,,9：00——18：00
796,昌怡装潢,http://www.cyzs-sh.com/,中国室内装饰资质二级，施工乙级资质企业,装修,B,室内装饰资质二级，施工乙级资质,,上海市长江西路 1848 号,021-56684022,13901970370,
933,昌怡装潢,http://www.cyzs-sh.com/,中国室内装饰资质二级，施工乙级资质企业,装修,B,室内装饰资质二级，施工乙级资质,,政立路629号,,,1
385,辰歌装饰(浦东店),http://www.chenge.com.cn/index.html,具有多年施工品牌知名度的技术型服务公司,装修,B,,2003,樱花路543号(近白杨路),4008203103,,周一至周日：9:00-18:00
31,辰红装饰设计,http://www.chenhongsj.com/,集空间艺术设计、家居装潢为一体的设计装饰公司,装修,B,,,中山西路2368号(近万体馆),021-64161126,,周一---周日 10：00---20:00
800,辰玺设计装饰,http://www.chenhongsj.com/,集空间艺术设计、家居装潢为一体的设计装饰公司,装修,B,,,谈家渡路28号(近西藏中路),,,
742,成宜装饰,,建筑装饰行业上海市二级企业,装修,B,建筑装饰行业上海市二级资质,2007,白兰路137弄1号绿洲广场A座2005室,021-62869991,,
386,春云装饰,http://www.shchunyun.com/company.asp,集装饰设计、装饰施工、材料配送于一体的一家实力型装饰企业，上海市装饰协会会员，室内装饰资质企业,装修,B,,2002,东方路1381号兰村大厦22楼,021-65356973,,
598,存艺装饰设计,http://www.sh-cunyi.com/,通过了ISO9001，2000国际质量体系认证，并荣获了全国住宅装饰装修优质企业称号，取得了上海市建筑装饰施工三级资质证书,装修,B,上海市建筑装饰施工三级资质,,秀沿路1165号206室(盛高假日酒店对面),021-68048056,,9: 00 -- 5: 00
762,达润室内装潢,,国家装饰装修三级、设计专业级资质企业，上海市室内装饰行业协会会员单位,装修,B,国家装饰装修三级、设计专业级资质,1996,保德路308号(保德路阳曲路),021-56888581,,
779,大境设计,http://www.shuae.com,集规划、建筑、结构、机电、景观设计、工程咨询于一体的民营综合甲级设计事务所,装修,B,,2002,共和新路2993号和源中环企业广场1014室(近永和路),4000092606&nbsp;34601066,,9：00-17：30
274,大美装饰工程设计,http://www.damei-sh.com,属上海市装饰装修行业协会会员企业，具备专业级设计施工资质,装修,B,专业级设计施工资质,,古北路678弄1703(近虹桥路),021-62958889,,39763
23,大璞设计·亦帆装饰,http://z.shanghai.51hejia.com/657,"拥有设计与施工双重资质的专业装饰工程公司,是拥有建设部专业设计资质乙级、建筑装饰装修工程施工二级的资深企业",装修,B,建设部专业设计资质乙级、建筑装饰装修工程施工二级资质,2000,凯旋路2701-10号(近宜山路),021-64872770,电话:021-64872770,9：00~19：00
188,大仟建筑装饰设计,http://www.sh-dq.com,集室内设计、环境设计、建筑设计、工程施工、软装设计等一体化的综合性专业设计公司,装修,B,,2008,宜山路520号中华门大厦10楼G座(近中山西路),021-60318876,,09:00——18:00
506,迪家装饰设计(东方路店),http://dijia.cn.globalimporter.net/,上海迪家装饰专业从事别墅、公寓、住宅、酒店、会所、商业空间和办公 空间的室内设计、施工、配饰、售后服务为一体的装饰企业,装修,B,,,蓝村路1381号蓝村大厦25楼D座(近东方路),021-51385016,,09:00-18:00
424,迪家装饰设计(康桥路店),http://dijia.cn.globalimporter.net/,上海迪家装饰专业从事别墅、公寓、住宅、酒店、会所、商业空间和办公 空间的室内设计、施工、配饰、售后服务为一体的装饰企业,装修,B,,,康桥路1166弄17号(近沪南路),021-58126619,,09:00-18:00
55,鼎象国际设计,http://www.shdingxiang.com/,专业从事别墅大宅、商业空间、软装配饰的品牌企业,装修,B,,,古美路1515号凤凰园区19号楼26楼,18918285752,,上午9：30-下午6：00
248,鼎族室内装饰设计,http://www.dingzu.net,专门从事室内环境设计及施工的公司,装修,B,,1996,虹桥路1476号(近延安西路),021-64279388,,
67,东方美居,http://www.dfmj-hk.com/,装饰装修、暖通施工资质三级，10年来一直从事别墅设计及施工,装修,B,,2003,宜山路515号博库书城1号楼22楼H座(近中山西路),,,
736,东方美居,http://www.dfmj-hk.com/,装饰装修、暖通施工资质三级，11年来一直从事别墅设计及施工,装修,B,,2004,真北路988号8号楼315室(近118广场),,,9:30-18:00
454,东瑞设计装饰,,上海市私营企业协会会员、绿色环保施工单位,装修,B,,,秋岚路58弄1号402室(近张杨北路),13524038680,,
390,东顺装饰设计,,专业从事各类室内设计装修施工，装饰装修行业品牌企业,装修,B,,2000,云台路145号云台大厦402室(浏河路云台路),021-58747713,,
11,多伦多创意设计(宜山路店),http://www.tid.net.cn/contact.asp,,设计,B,,,宜山路515号环线大厦2号楼26H(靠近轻轨宜山路站),4000822856&nbsp;13681972918,,10：30至18：00
731,尔华装饰设计,,"上海市装饰装修行业协会会员,具有上海市装饰装修专业资质证书，国家建筑装饰施工三级资质",装修,B,上海市装饰装修专业资质证书，国家建筑装饰施工三级资质,2005,真南路3439号(近11号线桃浦地铁站),021-66403778,,9-18点
706,法饰艺室内设计,http://www.frooi.com/,来自法国的设计机构及室内装饰设计公司,装修,B,,,金沙江路1628号绿洲中环中心719室(近118广场),,,9：00-18:00
360,方圆空间设计装潢,http://www.fangyuan021.com.cn/,集装饰设计、工程施工、材料配送、木门、地板、家具、装饰品开发为一体的装饰设计公司,装修,B,,,东方路1381-1383号兰村大厦10楼E-F座(近蓝村路),021-50130850,,
137,丰日装饰设计,http://www.fengrizh.com.cn/,全面通过ISO9001：2000国际质量认证、全国住宅装饰装修优秀企业、全国住宅装饰装修诚信企业、全国住宅装饰示范工程、上海市装饰装潢信得过企业、上海市装饰协会会员单位（会员号：1601S）、国家建筑装饰第二级企业（编号：B461403101******）、上海市装饰装修“十大精英”企业。,装修,B,装饰二级,2000,蒲汇塘路200号申航大厦5楼507室,021-64682363,电话:021--64682363,9:00-18:00   周六、周日不休
634,风林空间设计,http://www.fldesigner.com,公司通过了IS09000质量体系认证，同时获得了上海市家庭装修装饰行业等多项殊荣 上海红果树建筑装饰的施工团队拥有工作10年以上有经验的施工人员组成，都来自于建筑之乡的浙江、江苏等地区，定期培训、文明施工、精益求精，努力让每套案例都成精品。,装修,B,,,曹杨路540号中联大厦2902室,021-62445618,电话:021-62445618,地铁3号线 地铁4号线 地铁11号线 曹杨路站5号出口
559,风行设计,http://www.fxsjsh.com/page/html/,专注于高端别墅、样板间、酒店、办公及商业空间等室内设计和产品设计领域。公司由多名热爱艺术、极富创造力的资深设计师团队组成；创新实用又不失理性是我们坚持的原则。,设计,B,,,浦电路400号A座2501室(近世纪大道),021-50102903,leon6918@qq.com,9:00-18:00
203,峰越装饰,http://www.fyzh168.com/index.html,"全国住宅装饰装修行业示范工程单位
上海市绿色健康定点监测单位
上海市建筑业主管部颁发的资质证书
上海家装行业信得过企业
全国住宅装饰装修行业优秀企业家
上海市装饰协会会员企业
中国质量万里行诚信承诺成员单位
上海市装饰装修行业规范服务达标单位
上海市装饰装修行业协会20万质量保证金单位",装修,B,,,宜山路439号901室,13585908988,电话:021--64392899,
647,高标装饰,http://www.zx1z.com/vendor/4390,上海高标建筑装饰工程有限公司是一家老牌企业。是首批加入上海市装饰装修行业协会会员单位，是拥有室内装饰和室内设计双重资质的专业装饰公司，公司集设计、施工为一体，我们以“质量为核心”作为服务的前提；把“设计是灵魂、施工是关键、材料是合格证”作为服务的主线，把“客户满意，做出优秀的居室”作为服务的宗旨，以“追求卓越，立创家庭装饰施工之精品”为目标。,装修,B,,,中山北路3064号绿洲广场A座27楼,021-52718618&nbsp;52718617,,24小时在线
427,高氏设计(东方路店),http://home.sh.soufun.com/shop/9446837/introduction/,上海高氏设计装饰（上海）有限公司成立于1994年，注册资金450万，由上海住总集团与新加坡高氏兄弟合资经营，拥有国家设计乙级、施工二级资质，公司自成立以来一直配合中、日、台、港企业、设计事务所的设计、施工配套。倾力打造“精品设计◆平价装修”第一品牌。,装修,B,设计乙级施工二级,1994,东方路1363号海富花园8号楼10楼10DE座(近蓝村路地铁站),021-61118550&nbsp;61119560,13641932930,9：00--18：00
931,高旺装潢,http://www.gaowang.net/,上海高旺装潢有限公司是一家成立于2005年，专门从事室内装潢，设计监理等一体化的企业。系上海市装饰装修行业协会会员单位，及国际建筑室内设计协会会员单位。公司成立至今承接过大小设计装修工程项目上千套，均以新颖的构思，时尚的设计，过硬的施工质量，赢得了广大客户的一致好评。,装修,B,,2005,控江路1444号,021-51070042,,
465,阁源装饰设计,http://www.china-designer.com/home/1024206_1_2.htm,"设计资质乙级,百姓最喜爱的家装品牌,质量诚信单位,上海家庭装潢五星级企业.",装修,B,设计乙级,1994,张杨路3082-3084号(近居家桥路),021-50570252&nbsp;50570126,,早上9点-晚上8点
313,关镇铨装潢设计(浦东店),http://www.anju.net.cn/,最具人气家装设计企业，上海三星级设计企业，室内装饰协会会员企业。,设计,B,专业级,1996,浦建路145号强生大厦905室,021-50902705&nbsp;4008201109,400-820-1109企业QQ4008201109,10:00 – 22:00
865,关镇铨装潢设计(淞沪路店),http://www.anju.net.cn/,同上,设计,B,专业级,1996,淞沪路98号1901室(国济路政通路),021-61672930,,10:00 – 22:00
758,关镇铨装潢设计(闸北店),http://www.anju.net.cn/,同上,设计,B,专业级,1996,天目西路188号不夜城商厦2座3001室(近梅园路),021-63177501,,10:00 – 22:00
133,观达设计装饰,http://www.guanda021.com/,上海观达建筑装饰工程有限公司是一家集专业设计、施工、售后服务为一体的现代化装饰企业。公司秉承“专业团队、品质服务”的企业精神，,装修,B,,2003,宜山路439号1008室,021-64288003,,9:30到18:30
557,广东星艺装饰(川沙店),http://market.jinti.com/gdxyzsjt/AboutUs.htm,广东星艺装饰有限公司是中国较大的民营装饰企业。在十年间，它带领着中国的家庭装饰行业迈了一大步，也为中国上万个家庭提供了优质的“家装”服务。,装修,B,,1997,川环南路796-800号(近妙境家园),021-58982808&nbsp;18650801335,021-58982806 ,08:30-22:00
797,海沁建筑工程,http://shhqjs.cn.gongchang.com/,"国家建筑装饰工程一级施工资质
建筑工程甲级设计资质
上海市建筑“白玉兰”奖
三A级重合同守信用单位

",装修,B,,,平型关路1083号23弄1201室(近广中路),13482042669,,早九晚六
596,海硕装饰,http://www.qjy168.com/shop/shop_intro_184846.html,"上海建筑装饰行业的一员,公司拥有资深设计师、专业监管人员、工艺精湛的施工队、规范的操作流程和一体化的管理模式，为装饰客户提供“三心”服务（即“放心、专心、诚心”）。
",装修,B,,,东方路1365号5楼16B(近蓝村路),021-50899849,,地铁4号线6号线 蓝村路站
916,汉堂装饰,http://www.hantangvip.com/,"50万质保单位.全国住宅装饰装修行业质量服务诚信单位.
中国质量协会成员.全国住宅装饰装修示范工程单位.
绿色健康装潢定点检测单位.2009届天启杯设计大师得奖单位

",装修,B,,,国定东路300号大学生创业示范园3号楼413室(近关山路),021-65690626,18917695426,9：30-17：00
515,昊烨建筑装饰,http://hy20100811.ximatou.com/,房屋建筑工程施工总承包贰级，建筑装修装饰施工专业承包贰级，公司通过了ISO9000质量体系认证，同时获得了上海市家庭装饰装修行业规范服务达标企业、上海市家庭装修装饰行业社会公众满意度测评合格单位、上海市信得过家庭装饰企业、质量万里行诚信企业等多项殊荣。,装修,B,,,浦建路145号强生大厦1101室(近东方路),021-50897778,,周一至周日 全天候为您提供服务 上午9:00-下午17:30  
468,浩硕装饰(东方路店),http://www.shhsjz.com/,上海市装饰装修行业协会会员单位。在21世纪的今天装饰行业发展迅速，我们要承流接响，蔚然成风。“天人合一、绿色环保、舒适自然”为公司的设计理念。,装修,B,设计与施工三级,,东方路3261号振华企业广场B座6楼,021-63733188,,
599,浩硕装饰(复兴东路店),http://www.shhsjz.com/,上海市装饰装修行业协会会员单位。在21世纪的今天装饰行业发展迅速，我们要承流接响，蔚然成风。“天人合一、绿色环保、舒适自然”为公司的设计理念。,,B,设计与施工三级,,复兴东路583号3楼(复兴东路光启路),021-63733188,,
656,浩硕装饰(金沙江路店),http://www.shhsjz.com/,上海市装饰装修行业协会会员单位。在21世纪的今天装饰行业发展迅速，我们要承流接响，蔚然成风。“天人合一、绿色环保、舒适自然”为公司的设计理念。,,B,设计与施工三级,,金沙江路2888号,021-39546558,,9：00——18：00
36,浩硕装饰(吴中路店),http://www.shhsjz.com/,,,B,设计与施工三级,,吴中路8号锦辉大厦13楼A座(近中山西路),021-63733188,,
199,荷悦装饰,http://www.heyuezs.com/,致力于室内空间规划设计和施工，具备专业资质、实践经验丰富的资深工程管理团队进行工程管理，拥有经过多年积累，有非常稳固的材料供应渠道。,装修,B,,1998,虹梅路2005弄,021-34718770,400-616-5990,9：00——17:00
152,鸿海建筑装饰工程,http://www.shdecoration.com/,"公司注册资金人民币伍佰壹拾捌万元，是建筑装饰工程施工贰级企业，上海建筑装饰协会首批成员。
",装修,B,,1996,钦州路785号(近宜山路),021-64751964,,周一-周五百天9：00--18：00
403,华澄装饰设计,http://www.525j.com.cn/Decorationcorporation/T0577/gs.htm,经上海市室内装潢机构审核认证，具有装饰施工能力及设计资质。公司拥有数名台湾、同济高级设计师和建全的江苏老牌装修队、在沪十年以上装修历程、具有丰富的施工经验；,装修,B,,2002,张江路185号圣御大厦401-B,021-58952670&nbsp;50791130,,轨道交通9号线漕河泾站下即到
145,划云建筑装饰工程(漕宝路店),http://www.hyzs.cn/,建筑装修装饰工程专业承包一级资质，中国建筑装饰协会会员单位，中国建筑装饰协会会员单位，上海市信得过家庭装饰企业。,装修,B,,2008年,漕宝路36号和信商务楼4楼(漕溪路口),021-64942000&nbsp;64940666,,
14,汇丹半清包(漕宝路店),http://zhuangxiu.jia.com/shop/214002/company_intro/,7年装修千余家房子，后为千余户会员提供装修服务，积累了丰富的施工经验公司坚持踏踏实实经营，不盲进不冒进。,装修,B,,2002,沪闵路9512号1号楼102室(近漕宝路地铁站1号口),021-64823350,电话:021-64823350,上午9：00 —— 晚上21:00
311,汇丹半清包(蓝村路店),,7年装修千余家房子,装修,B,,2002,东方路1365号5号楼7楼G座(近蓝村路),021-50902167&nbsp;13341996886,,9:00~18:00
138,绩多装饰设计(宜山路店),http://www.shjiduo.com/,是一家集工装、家装、设计与施工为一体的专业化装饰企业。,装修,B,,,宜山路436号科拉胜商场1楼YI号(近古宜路),021-51557038,,09:00-17:30
227,佳园装潢(长宁店),,是上海市最早的专业家具室内设计事务所。实行五个统一的连销经营机制：统一设计、统一配送、统一施工、统一饰后服务，五个统一饰佳园装潢恪守质量的前提。,,B,,,华阳路20号(华阳路万航渡路),021-62522840,,
881,进念设计·佳,,们有一流的施工团队和设计师，有专业的质检部团体，绝对正规，安全放心，质量还有保障。,,B,,1995,大连路950号8号楼,,,
89,晋盛装饰,http://www.jsing.com.cn/,晋盛以其专业性的优势，集行业精英人才，运用ISO9001质量体系规范管理。在设计上做到更新、更美、更快，在施工上做到更精、更严、更细，在价格上做到更低、更实、更明；在服务上做到更全、更诚、更优。，,装修,B,,2003,中山西路2368号华鼎大厦3201-03室,021-34602157,,9：00-18：00
249,晋泽建筑设计,http://www.jaxda.com/,晋泽上海办公室装修设计有限公司是一家为其他企业提供专业的工作空间解决方案的公司，提供从设计到施工的一系列服务，并提供后续的保修服务，使客户免除后顾之忧。,,B,,,天山路600弄同达创业大厦2906室(淞虹路天山西路),021-60909181,,全天24小时。
375,景特雅装潢设计,http://www.jingteya.cn/Index.asp, 本公司是上海装饰装修行业协会会员单位，上海市规范服务达标企业，2008、2009、2010、2011年度均被评为上海市信得过企业，上海市规范服务达标四星级企业。具备建筑行业住宅装饰装修工程设计与施工二级资质。本公司自成立以来，以完善的管理制度，严格的施工纪律，独特的设计理念，妥善的售后服务，获得了广大业主的一致好评。,装修,B,,,下南路888号(近成山路),021-68947080&nbsp;68947077,,8：00-18：00
678,敬金装潢设计,http://www.jingjinzh.com,上海市装饰行业协会会员单位，中国室内装饰协会国家施工乙级资质单位,装修,B,国家施工乙级资质单位,,曹安路1877弄国际商城837室(近轻纺市场),021-33518899,,08.00——18.00
552,静思装饰,http://jingsizs.com/,十余年室内空间装饰设计经验的知名装修公司,装修,B,,2002,张杨路1926号(近巨野路),021-58516748,,
481,久唐装潢设计,,是装饰装修行业的品牌公司，专业从事各类，项目的室内装饰装修设计、施工,装修,B,,,杨思路650号2楼(近上南路),021-68320317&nbsp;68521391,,8.30-5.30
142,久筑国际设计,http://ijiuzhu.cn.alibaba.com/,一家商务服务的企业，是经国家相关部门批准注册的企业,装修,B,,,中山西路1878弄凯托大厦1号楼2504室(近宜山路),021-54972268&nbsp;13061607166,,9:00--24:00
384,玖朝装潢,http://www.jczs-china.com,致力于向客户提供总成本最低的高品质整体装修服务，具有国家建筑装饰双乙级资质,装修,B,,2004,周浦镇康沈路1955号(近周浦城管),021-58115081&nbsp;13918922028,,8:30——5:30
759,居奥装潢,,上海老牌的室内装饰企业，在施工、设计、管理方面都有独到的见解,装修,B,设计与施工一级,2000,共和新路5288号好美家内(家乐福对面),021-56473179,,地铁一号线通河新村下
473,居佳伴总部,http://www.jujiaban.com,为上海伴佳居贸易有限公司所创立。集著名欧美装饰品牌的设计制作、室内装饰工程及品牌的代理、管理为一体,装修,B,,,金湘路333号爱立诚大厦2楼(近新金桥路),021-51389425,,周一~五 09:00-17:30
440,居莉装潢,http://www.lzhsj.cn/index.php,一家专业从事中高档家庭装潢的企业，品牌定位于注重设计风格，讲究精心施工，树立公司品牌的中高档装饰层次,装修,B,,,民区路151号(近民耀路),021-50219371,,蔡路线、993、曹路2路等
893,居丽装潢(黄兴路店),,一家建筑、建材的企业，是经国家相关部门批准注册的企业，主营装潢业务,装修,B,设计与施工一级,,黄兴路1051号(近延吉西路口),021-55965429,,6、8、103、90
52,居丽装潢(蒲汇塘路店),,一家建筑、建材的企业，是经国家相关部门批准注册的企业，主营装潢业务,装修,B,设计与施工一级,,蒲汇塘路200号申航大厦5楼(近宜山路),021-64682287,,
364,居丽装潢(浦建路店),,一家建筑、建材的企业，是经国家相关部门批准注册的企业，主营装潢业务,装修,B,设计与施工一级,,浦建路338号208-213室(近东方路),021-58395688,,9：00-18：00
344,居丽装潢(浦三路店),,一家建筑、建材的企业，是经国家相关部门批准注册的企业，主营装潢业务,装修,B,设计与施工一级,,浦三路518号三斯商务楼A座312室(近临沂路),021-50893061&nbsp;50895529,,
54,居室堂装饰,http://www.jstzs.com/cloud.asp,秉承一家一设计理念的装修公司,装修,B,,,凯旋路3011号4楼D003-D015室(轻轨3号线宜山路站),64410759-801,,
673,居顺装潢,,国家二级资质的装潢公司，具有与时俱进的创新意识,装修,B,国家二级资质,,梅川路1518号祥和大厦内(近万镇路),021-52785951,,948、837、740、947、950、860、717、827、北安线、陆安线、北安区间、876
791,居顺装潢(沪太路店),,国家二级资质的装潢公司，具有与时俱进的创新意识,装修,B,国家二级资质,,沪太路1198号,,,
868,居云室内装潢(控江路店),,上海市建筑装饰会员，装饰装修行业协会单位，家庭装潢国家二级资质证书,装修,B,设计与施工二级,1997,控江路1023号好饰家3楼E19(近黄兴路),021-65731229&nbsp;65701083,,"6,220,870,90，大桥四线，地铁8号线"
333,居云室内装潢(蓝村大厦店),,上海市建筑装饰会员，装饰装修行业协会单位，家庭装潢国家二级资质证书,装修,B,设计与施工二级,1997,蓝村路1381号蓝村大厦16楼A-B室(近东方路),021-58602878,,8:00-18:00
579,居云装潢(东方路店),,上海市建筑装饰会员，装饰装修行业协会单位，家庭装潢国家二级资质证书,装修,B,设计与施工二级,1997,东方路1381号,,,
173,矩顺建筑装饰,http://www.jushun.net/,专业从事房屋搭建、装修、设计和改建工程,装修,B,,,天钥桥路69弄3号908室,021-63580353,,9:00-18:00（全年无休）
698,聚创装潢,,专业从事于中高档的公寓、别墅、办公空间、商业空间等室内外的装饰设计与施工,装修,B,,2005,曹杨路540号中联大厦1101室(近中山北路),021-61533058,,44、136、62、923、737、3、4、11号线
915,聚鹏设计,http://www.shjupeng.cn,"承“以人为本,设计让生活更美好!”的理念，致力为客户提供高水准的室内设计",装修,B,,2005,邯郸路58弄2号102室,021-65168592,,
872,聚唐装饰(大连路店),http://www.jutangzh.cn/gsjs.asp,从事室内外装饰设计和施工的专业化公司，有着十多年在国内外装饰市场的设计及施工经验，二级资质水平，系中国建筑装饰协会会员单位,装修,B,设计与施工二级,,大连路541号(近双阳路),021-65415027,,9:00--18:00
649,军浩装饰,http://www.ejunhao.com/,上海市装饰装修行业协会会员单位， 并具备装饰专业资质，是一家集家装、公装、室内装饰设计、家居豪宅、别墅空间、于一体的多元化企业，军人团队,装修,B,设计与施工专业级资质,,曹安路1775弄兆地商务金座B座739室(近东方汽配城),021-60547396,,7*24
254,君邑装潢设计,,一家专业做室内装饰设计和施工的企业,装修,B,,,延安西路1118号长峰大厦2408室(近番愚路),021-52383830&nbsp;52385696,,10:00 – 20:00
298,恺天装饰设计,http://www.skycreation.com.cn,国际ISO9001、国际ISO14001及国际OHSAS18001认证企业,装修,B,,2008,南京西路1486号3楼1108室(近静安寺),021-62473281,,10.00-18.00
146,匡氏装潢,http://www.ksjzzh.com/,上海市装饰装修行业协会单位、上海装饰装修三级资质、绿色环保定点检测单位、2006－2008年零投诉单位、重合同、守信用单位。主营“公共建筑空间设计、施工”,装修,B,上海装饰装修三级资质,,桂平路264号,,,93 257
684,阔祥装饰设计,http://www.shkuoxiang.com/,“上海市室内装饰协会会员单位”、“中国质量万里行企业单位”、上海绿色环保定点单位“之一。专业从事住宅，大型公用建筑及家居装饰设计、工程施工、材料配送、家装饰品开发为一体的全方位企业,装修,B,,,中山北路3856号中环大厦2号楼23楼25室(华师大对面),021-52110369&nbsp;13916319658,,09，00—17，00
207,拉舍尔居家设计方案专家,http://sh.tobosu.com/member/37779,上海闸北建筑装饰工程有限公司旗下优质的设计品牌，专业从事别墅、平层，集设计、施工、装饰、软装配饰、空间智能等相关配套为一体的高端设计品牌,设计,B,,2012,宜山路290号102幢(近时尚建材广场),021-61727877,,
794,莱诚装潢,http://www.lczhgs.com/,二级资质,装修,B,设计与施工二级,1997,汶水路40-6号莱诚商务楼内,021-66315477,,
786,兰君室内装潢,http://www.ljzh.cn/,上海兰君室内装潢有限公司前身是上海强生装潢公司，具有法人资格的室内装饰装潢工程企业。原强生公司为上海市家庭装饰行业协会创始会员，是历届协会常务理事单位。现公司已重新注册加入协会，会员号为T0931上海市信得过家庭装饰企业；上海市家庭装饰装修行业规范服务达标企业；上海市家庭装饰装修二星级企业。上海市信得过家庭装饰企业；上海市家庭装饰装修行业规范服务达标企业；上海市家庭装饰装修二星级企业。,装修,B,,,闸北区彭浦新村岭南路711号（保德路口），公司斜对面即46路岭南路终点站。,021-66836934；021-56811024,"免费咨询电话   4006608776
QQ在线洽谈    335218455        317683987        1443591010",8：00-17：00
200,蓝月装饰,http://www.shlanyue.com/,是一家从事建筑室内装饰设计及施工的专业化公司。拥有超强的设计团队以及组织施工能力，旗下拥有数百名员工。在建工地遍布整个上海及周边城市，其中包括精品别墅，复式，商品房以及商业空间等等。,装修,B,,2004年,宜山路439号七建大厦17楼,021-62676666,,
416,乐平装修装饰(成山路店),http://www.shleping.cn/,本公司配备了具有上海市装饰装修行业协会注册的建筑室内设计师数名。运用先进的理念，专业美学修养，独到的审美观，来充分体现客户的个性要求与生活实用性。,装修,B,专业级,1999,成山路2122号(成山路下南路),021-50935971,,9:00--18:00
8,乐益城市空间设计(凯旋路店),http://www.shleyi.cn,国家建筑装饰二级资质企业,装修,B,装饰二级,2003,凯旋路2701-4号2-3楼,021-64391378,电话:021-64391378,9：00~19:00
326,乐益城市空间设计(周浦万达店),http://www.shleyi.cn,国家建筑装饰二级资质企业,装修,B,装饰二级,2003,年家浜路528弄万达广场B栋1101室(近沪南公路),021-20903857,电话:021-20903857,9：00~19:00
880,林权创意设计,, 打造旧房改造装修第一品牌，我们公司致力于为每一位客户答疑解惑，急客户之所急，打造舒适的空间，提供专业的服务，不懈努力以提升和超越客户的消费价值。,装修,B,,,铁岭路32号同叶大厦809室(近锦西路),021-65130455&nbsp;36500321,,8：30-18：00
340,凌君装饰设计,http://zhengma.qy01.com/main.asp,多年从事装饰装修行业，公司涉及建筑装潢，建筑装潢设计，别墅装潢，别墅装潢设计，室内装潢，室内装潢设计，土木工程施工，园林绿化，办公智能化设备安装，装潢材料,装修,B,,2004年,东方路1359弄海富花园2号楼11E室(近蓝村路地铁站),4000172017&nbsp;50473396,,09:30--17:30
306,菱海建筑装潢,http://www.linghai-zs.com/,原系上海市经委下属企业，后转制为中加合作的民营股份制企业。公司长期从事室内设计装潢，专精各类餐厅、酒店、商铺、会所和办公等空间的设计和施工。擅长别墅、复式、公寓等豪宅的设计装潢。,装修,B,,1996年,余姚路99号-1(近海防路),021-62585919&nbsp;4007790566,,09:00-18:00
602,龙发装饰(陆家浜路店),http://www.longfa-sh.com/,现为中国建筑装饰协会副会长会员单位，是全国首批建筑行业信用评价AAA级，设计甲级、施工壹级企业，服务网络遍布全国，并于2003年始开拓国际市场，成为业内第一家拓展海外业务的装饰企业。,装修,B,设计甲级施工一级,1997年,陆家浜路698号,4008086655,,9:00-21:00
93,龙目装饰,http://www.shlmzs.com/,"是一家致力于居家、办公室、厂房、商业空间等室内外设计与施工为一体的实力型装饰企业。上海市首批会员单位之一，拥有各种荣誉奖项及资质，拥有各种优秀监理，设计师及施工人员，十年以上的优秀施工人员。多年来在广大客户及同行中赢得了优秀的管理特色好评。
",装修,B,,2004,宜山路520号中华门大厦1704室(近中山西路),021-64579009,,8：00---19：00
378,茂华装潢(芳芯路店),,是一家集设计与施工为一体的专业化装潢企业。,装修,B,,2003,芳芯路325号(近龙阳路地铁站),021-50425523,,公交794、975、地铁7号线、2号线等
859,美力达装饰,http://www.51mld.net/,为客户提供装修方案设计、施工、软装方案设计、软装配套等多项服务,装修,B,,1999年,黄兴路1417号(近延吉西路),021-65143554,,早上9：30——下午18：00
878,美凌装饰,http://idkin.com/300658878/home/,上海市装饰装修行业协会理事长单位、上海市装饰装修行业协会家装委常务理事长单位。,装修,B,,2002年,控江路1029弄1号14楼1409-1410室,021-59714971,,
432,美旗装潢(东方路店),http://meiqi.ypb.cn/,国家建筑装修装饰工程专业承包二级资质 建筑装饰工程设计乙级资质 ,装修,B,,1997年,东方路906号(近潍坊路),021-50581607,,
654,米申空间,,米申装米申装饰设计特色：小户型：充分利用空间，实用性强；公寓房：设计感强，兼具美观与实用；别墅：彰显个人品位，定制个性化的家装方案。 ,装修,B,,,真北路988号2号327室(近金沙谷创意园区),021-60127612,,
404,面对面装潢,http://www.10713.zxdyw.com/gsjj.aspx?MID=10713,"上海面对面装潢服务有限公司，是一家以私人会所、豪宅、别墅、精品公寓空间设计个性定制装修以及商业空间设计装修为主营业务的公司。是未来智能家居体验装修发起企业之一，汇聚众多国际资深设计精英，是一家专门从事室内外装潢设计的企业。
经营范围：新居.婚房.中高档住宅.酒店式公寓,别墅装修,办公室写字楼,多媒体网络系统等等。
 在多年的装潢实践中，建立了一支高水平的管理、设计和施工队伍，在装潢方面积累了丰富的经验。形成了业务承接、装潢设计、现场施工、项目管理、竣工验收、售后服务等一系列的规范管理。",装修,B,,,东方路1365号19楼E座(近蓝村路地铁站),021-50159709,,9：00 -   18:00
597,世班空间设计,http://www.shiban99.com/, 上海世班建筑装饰工程设计有限公司（简称：上海世班空间设计）是一家集装修设计、工程施工为一体的一站式服务企业。我们始终坚持将环保装修坚持到底，并严格执行ISO9001和ISO14001标准。我们的服务涉及办公空间、商业空间的室内外装饰设计及工程施工管理，工程项目涉及社会多个领域，包括办公写字楼、会所、展厅、美容SPA馆、专卖店铺、酒店餐厅及咖啡馆的设计与装饰。,装修/设计,B,,,上海市闵行区浦锦路38号万科VMO广场38号楼220室,021-53083836,,9:00-17:00
917,所翡雅装潢,http://www.sfyzh.com/,上海所翡雅装饰有限公司，是一家集装饰设计、工程施工、材料配送一体化的装饰企业，专业从事家居、别墅、写字楼、商铺、酒店的设计与施工，所翡雅，英文名为sophia，我们的目标就如我们的名字一样，让您的住所犹如翡翠般美丽优雅。,装修/设计,B,,,辽源东路7号(近源泉路),021-65391524,,am:7:00~pm:22:00
740,所翡雅装饰,http://www.sfyzh.com/,上海所翡雅装饰有限公司，是一家集装饰设计、工程施工、材料配送一体化的装饰企业，专业从事家居、别墅、写字楼、商铺、酒店的设计与施工，所翡雅，英文名为sophia，我们的目标就如我们的名字一样，让您的住所犹如翡翠般美丽优雅。,装修/设计,B,,,石泉路338号(近武宁路),13370080126,,
69,索凡建筑装饰设计,http://www.sf-021.com/,上海索凡装璜设计有限公司位于上海徐汇区中山西路，是经建设部门批准的正规装饰企业，市装饰协会会员单位，上海消费者最信赖的家装品牌，市守合同重信用企业。,装修/设计,B,,,中山西路2025号永升大厦526室(近宜山路),021-60319689&nbsp;60319659,,9：00-20：00
256,唐居装饰设计,http://www.tangju.com/news.asp?typeid=2,唐居，全名上海唐居室内设计装饰有限公司专业从事家装、工装国内一流设计、施工一体化装修公司，为客户全方位、从外至内地定制符合项目和环境的专业、完美的整体解决方案。,装修/设计,B,,,上海市普陀区曹杨路540号中联大厦29楼,021-64481467&nbsp;64461457,,早上9点30分-下午5点30分
455,腾阁装饰,http://www.attico.com.cn/,上海腾阁坚持以精致施工为主，以追求效率与效益的工程管理为目标，以包退包换包修的服务理念，赢得了许多知名专业设计工作室的青睐，成为施工工程长期配合的伙伴。 ,装修/设计,B,,,东方路1359号2号楼21c,15921085757,,
732,腾龙设计(北方设计中心),http://www.jttl111.com/,腾龙设计隶属于上海名牌装饰企业聚通集团旗下的高端设计服务品牌。聚通集团成立于1994年，拥有国家建设部颁发的建筑装饰装修工程设计、施工双一级资质。是上海首家推出品牌化服务和连锁型经营模式的装饰企业。因此，聚通也被业界冠以 “沪上装潢龙头企业”的美誉。,装修/设计,B,,1994,金沙江路1628弄10号18楼,021-31210073&nbsp;31210074,,9:00-17:00
82,腾龙设计(徐汇设计中心),http://www.jttl111.com/,腾龙设计隶属于上海名牌装饰企业聚通集团旗下的高端设计服务品牌。聚通集团成立于1994年，拥有国家建设部颁发的建筑装饰装修工程设计、施工双一级资质。是上海首家推出品牌化服务和连锁型经营模式的装饰企业。因此，聚通也被业界冠以 “沪上装潢龙头企业”的美誉。,装修/设计,B,,1994,天钥桥路93号中福实业大厦12楼,021-64046288&nbsp;64046251,,9:00-17:00
874,同济居家装饰(荣广商务店),http://www.tongji365.com.cn/,上海同济居家装饰是根据同济大学创办“一流大学 发展 “产 学 研”三位一体，建立一支“综合性，集团性，高科技”校办企业大军的发展战略，于1995年1月经工商注册设立的校办企业。同济大学产业唯一家装服务企业。 ,,B,,1995,昆明路572号荣广商务中心(近荆州路),021-51534716,,4号线大连路站  870  871  
884,同济居家装饰(延吉中路店),http://www.tongji365.com.cn/,上海同济居家装饰是根据同济大学创办“一流大学 发展 “产 学 研”三位一体，建立一支“综合性，集团性，高科技”校办企业大军的发展战略，于1995年1月经工商注册设立的校办企业。同济大学产业唯一家装服务企业。 ,,B,,1995,延吉中路126号(近苍州路),021-65730385,,"周一,周二,周三,周四,周五,周六 09:00 - 18:00"
869,同济装潢(大连路店),http://www.tongjicn.com,上海同济建筑装潢有限公司，是一家拥有建筑装潢装饰工程施工一级资质、机电设备安装工程施工三级资质的优秀知名企业，注册资金为2500万人民币，依托于同济大学土木建筑装潢专业的优势，拥有一支技术上成熟、专业上完备的设计和施工力量，并已经在装潢行业以及高档办公室装潢行业建立了自己的声誉。,装修/设计,B,,,大连路950号海上商务楼8号楼3楼(大连路飞虹路),021-33770705,,
860,同济装潢(国康路店),http://www.tongji365.com.cn/,上海同济建筑装潢有限公司，是一家拥有建筑装潢装饰工程施工一级资质、机电设备安装工程施工三级资质的优秀知名企业，注册资金为2500万人民币，依托于同济大学土木建筑装潢专业的优势，拥有一支技术上成熟、专业上完备的设计和施工力量，并已经在装潢行业以及高档办公室装潢行业建立了自己的声誉。,装修/设计,B,,,国康路46号同济科技大厦5楼(近同济大学),021-62605198,,9:00-18:00
471,同济装潢(康桥路店),http://www.tongjicn.com,上海同济建筑装潢有限公司，是一家拥有建筑装潢装饰工程施工一级资质、机电设备安装工程施工三级资质的优秀知名企业，注册资金为2500万人民币，依托于同济大学土木建筑装潢专业的优势，拥有一支技术上成熟、专业上完备的设计和施工力量，并已经在装潢行业以及高档办公室装潢行业建立了自己的声誉。,装修/设计,B,,,康桥路787号中天商务科技园3号楼234室(近锦绣路),021-50596594,,9:00-18:00
65,同济装潢(零陵路店),http://www.tongjicn.com,上海同济建筑装潢有限公司，是一家拥有建筑装潢装饰工程施工一级资质、机电设备安装工程施工三级资质的优秀知名企业，注册资金为2500万人民币，依托于同济大学土木建筑装潢专业的优势，拥有一支技术上成熟、专业上完备的设计和施工力量，并已经在装潢行业以及高档办公室装潢行业建立了自己的声誉。,装修/设计,B,,,零陵路899号飞洲国际大厦20楼J座(近漕溪北路),021-65025907,,10:00 – 22:00
411,同济装潢(上南路店),http://www.tongjicn.com,上海同济建筑装潢有限公司，是一家拥有建筑装潢装饰工程施工一级资质、机电设备安装工程施工三级资质的优秀知名企业，注册资金为2500万人民币，依托于同济大学土木建筑装潢专业的优势，拥有一支技术上成熟、专业上完备的设计和施工力量，并已经在装潢行业以及高档办公室装潢行业建立了自己的声誉。,装修/设计,B,,,上南路3062号(近德州路),021-58327083,,9：00----5：30
712,图盛装饰,http://www.sh-tuson.com/,上海图盛建筑装饰工程有限公司是一家专业从事办公空间、商业空间、展示空间、居住空间装饰设计与施工一体化的建 筑企业，致力于为国内外各类企事业单位及商家提供装饰工程一站式解决方案。公司下设工程部、设计部、材料部、质量安全管理部、材料配送中心。几年来，依拖 自己独特的工程管理系统和全程服务系统，以高效、多元、人性的服务，为社会奉献一个又一个的精品装饰工程。,装修/设计,B,,,中山北路2911号中关村科技大厦1805室(近三四号线曹杨路站),13761362272,,9:00_20:00
911,拓锦装潢,http://www.tuojinsh.com/,上海拓锦装饰设计工程有限公司是一家专业从事室内外装潢的品牌优秀企业，公司拥有良好的企业文化，先进的设计理念，服务理念，质量理念，公司设计力量雄 厚，设计师均为中级以上职称的国家注册室内设计师，拥有专业施工人员，员工素质高，装修性价比高，做工精细，深受客户赞誉。 公司人员随叫随到，为您免费量房，根据房型做出最佳设计，为您打造出舒适，温馨，永不过时的完美家居。免费将方案、预算送到家，让您足不出户，运筹帷幄。,装修/设计,B,,,铁岭路32号同叶大厦808-809室(近锦西路),021-65130455,,8：30-18：00
212,完美设计,http://www.51wanmei.com/,"国家装饰设计乙级资质_x000D_
国家装饰施工二级资质_x000D_
由国际设计精英共同组成的设计团队_x000D_
60多人的创意创新精英",装修-办公室,B,,1998,延安西路895号20楼D2室(古北路虹桥路),021-62250668,,
538,完美装饰,http://www.bjwmzs.com/,完美装饰设计成立于2006年，历经数年积淀，现已扩展成为以建筑、装饰、设计为主营的多元化公司。完美装饰是一家以家居装修、商场装修、酒店设计、及建筑设计规划，景观园林设计为一体的设计公司，在设计领域逐渐形成规模化、专业化、品牌化的绝对优势。完美装饰公司是近年来快速发展起来具有一定规模的设计公司，公司从事家居、别墅、商铺、酒店、宾馆、土建设计、景观园林规划、施工等一条龙服务。  ,装修/设计,B,,2006,杨思路860弄77号102室(近地铁8号线杨思站),021-60892981,,8.00—20.00
655,显高设计,http://www.hinkoo.cn/,"上海显高装饰设计工程有限公司，是一家专门从事室内设计、施工的专业化公司。十几年来，显高公司凭借一批高水准的设计师团队和具有多年实战经验的施工技师，以良好的服务，独特的经营理念，在上海乃全国的装饰装修行业中取得了很高的知名度和美誉度。
 ",装修/设计,B,,,怒江北路598号红星世贸大厦26楼,021-32568062,,
622,显尚设计,http://www.jinxindc.com/,"  上海显尚装饰工程设计有限公司是一家集空间艺术设计、装潢、家居集成为一体的设计装饰企业，致力于服务成功人士的居家设计装修。凭借一批高水准的专业设计团队和具有多年实战经验的施工技师，以良好的服务，独特的经营理念，在上海的装饰装修行业中取得了很高的知名度和美誉度

上海显尚装饰工程设计有限公司成立于1994年，拥有国家设计乙级、施工二级资质，有工装事业部和家装事业部两大主体构成，工装事业部主要承接星级酒店，高级会所、 OFFICE等商业空间的设计、装饰及配套工程，家装事业部主要承接中高档家居空间的设计装饰、家居集成以及完整装修。每一份都是精品之作，全程演绎私人空间的高品位人文概念，对复式、别墅、商业空间的设计制作更树立经典之帜。",装修/设计,B,,1994,怒江北路598号红星世贸大厦2203室,,,
95,香港欧雅国际设计,http://www.ouyazh.com/,成立于1998年，隶属于上海三牛装饰设计有限公司，专业从事别墅设计、别墅装饰、别墅装潢、别墅装修，高档样板房、大型商业空间、公共场所等空间的设计与施工，集设计、装饰、景观、园林、软装配饰、空间智能为一体的设计装饰企业。,装修/设计,B,,1998,肇嘉浜路825号尚秀商务楼3楼(近宛平南路),021-64696685,,
85,香港尊筑国际设计,http://www.joh.hk/index.html,上海尊筑建筑设计装饰工程有限公司专业从事别墅、高档样板房、大型商业空间、公共场所等大空间的设计与施工，集设计、装饰、景观、园林、软装配饰、空间智能等相关配套产业为一体。具备中国工程设计与施工壹级资质的尊筑设计，上海尊筑建筑设计装饰工程有限公司与江苏尊筑建筑工程有限公司共同打造由长三角辐射全国的战略格局。,装修/设计,B,,1996,天钥桥路909号D1国际创意园区主楼一楼,021-51097722,,
97,祥庭设计,http://www.xiang-t.com/, 祥庭装饰，全名祥庭（上海）装饰设计工程有限公司，坐落于繁华的上海徐汇区，是由15年装饰发展历程的浙江丽园集团与温哥华NH设计事务所合作成立的高端设计品牌。于1997年成立的浙江丽园装饰，在全国设立近二十家直属分公司，拥有建筑装饰施工二级资质，先后被评为全国住宅装饰装修百强企业、全国住宅装饰质量服务五星企业、全国住宅装饰装修示范工程、全国住宅装饰行业知名品牌等众多荣誉。 ,装修/设计,B,,1997,宜山路889号齐来大厦203室,021-60298280,,
98,欣进装饰,http://sh-xinjin.ebdoor.com/," 上海欣进装饰公司创建于2003年，公司具有20年的行业施工经验（拥有20支施工队伍）。

   欣进旗下多伦多创意设计-TORONTO Interior Design （T.I.D）是一支拥有白金级设计大师的精英团队，真正做到了高端设计与平民价施工的完美结合，至今为止网络投诉率为零，好评不断，力求成为真正的网络装修冠军。
",装修/设计,B,,2003,宜山路515号环线大厦2号楼26楼(近博库书城),021-34141571&nbsp;64040638,,
586,新庭装潢,http://www.xintingzh.com/,"上海新庭装潢设计有限公司成立于2002年，荣获国际建筑装饰设计委员会T-08会员单位.荣获上海市装饰装修行业协会T-120会员单位.公司荣获上海市装饰装修专业资质证书,编号JZ-3102261264.在07,08年行风测评中,市民抽样调查中荣获星级达标服务企业.是沪上装饰界人气很强的装饰企业之一.公司本着“诚信至上、质量第一、追求卓越、打造品牌”的宗旨，一切站在客户的角度去考虑问题，公司致力于中高档住宅、及商务空间的设计主要从事居室家庭、商业店铺、门面、商务楼（并注重二手旧房的改建装饰）、室内外设计、施工业务。",装修/设计,B,,2002,浦东大道2635号,,,
456,行远室内装饰,www.021xyzs.com,“行远装饰“由大雷鸟巢室内设计工作室发展而成立，公司全体员工坚守诚信，取法古道，专注于从事高级公寓、别墅住宅及二手老屋局部、整体翻新改造，餐饮商 铺及办公空间的室内设计与施工一体化服务。旗下设计师团队均为大学科班毕业设计资质，上海市装饰装修行业协会注册室内设计师，有着业内十多年的专业服务经 验。公司的施工团队亦为经过专业技术培训且有着5至10年以上充分实践工作经验的施工技师组成，均执有各工种上岗服务证。,装修/设计,B,,2010,浦东新区东方路1381号29楼D座（蓝村大厦）,021-20916696,,上午9：00-下午17：30
752,雄欣装饰,http://www.sh-xiongxin.com/,上海雄欣室内设计装潢有限公司是一家专业从事室内装潢设计及施工的单位，同时也是上海市室内装饰行业协会首批的会员单位。本单位从九六年以来，一直驻落于 大华新村，凭着多年的设计、施工力量，跟随着大华集团下的各个物业管理公司，为大华地区新开楼盘的社区居民提供了难找装饰公司的方便，承接了许许多多的高 档居室、别墅、商务楼、酒吧等室内装潢设计、施工、管理。,装修/设计,B,,1996,真华路1030弄49号1楼(近大华三路),021-66358775&nbsp;39553915,,地铁7号线大华三路站
75,炎星装饰,http://www.yankdesign.com/,大炎演绎是上海炎星装饰设计工程有限公司旗下的专业设计品牌，是近年来室内装修业界 的新锐之一，由多位优秀的国家级注册室内设计师组成的专业团队。 我公司是一个集室内设计、工程施工及软装设计等一体的综合性设计公司，并且在室内设计领域的成果不断得到市场和客户的认可。 通过多年的设计、跟踪及软装配饰的步步积累，我们总结了一套管家式服务，在让顾客快速了解装修过程同时，还会进行全程跟踪以及后期软装设计，让客户轻松整 个装修。让施工成就设计，让服务畅享品质。 专注，所以专业。。。 。。。 ,装修/设计,B,,,宜山路520号中华门大厦11楼D座(近中山西路),021-61260351,,9：00--18：00
444,焱歌建筑装饰(金桥店),http://www.4566.zxdyw.com/,上海焱歌建筑装潢工程有限公司是目前上海较具规模的建筑装饰公司之一，公司配套的（软硬装）设计中心 精做别墅、复式、商业空间，在全市多个区域的核心地段包括总公司浦东金桥店、浦东张江店、闵行莘庄精品设计中心、松江新城店、宝山电台路设计中心、奉贤南 桥店、嘉定精品设计中心；7家分店及全国中等城市（昆山，无锡，苏州，张家港，江阴，合肥，芜糊，杭州，宁波）；分别设有分公司。,装修/设计,B,,1998,金桥路2786号,021-54147344,,8：30-20：30
80,瑶城建筑装饰设计工程,http://www.shyaocheng.com/,上海瑶城建筑装饰设计工程有限公司，建立于1998年，从公司成立之初就坚持秉承“五心”服务的理念：用心、真心、耐心、细心、感恩的心。这一路走来，还 能看到岁月所留下的丝丝足迹，虽然漫长，却步步坚实，连环无缺。瑶城装饰，坚持并努力追求优秀的服务理念，由此来强化瑶城的品牌价值，品牌在瑶城的价值概 念里，占据了第一位，我们过去，现在和将来都会全心全意去维护、创造和发扬瑶城的品牌服务意识，即：“五心服务”。,装修/设计,B,,1998,凯进路189号3楼(近宜山路),021-33676819,,轻轨1、3、4、9号线，宜山路站
263,宇森艺术设计,http://www.ufa.so/,"上海宇森艺术设计有限公司是一家以绘画和设计为主的艺术工作机构，简称UFA。公司创立于2006年10月，
是国内首批从事手绘艺术的专业公司之一，主要从事博物馆、酒店、公司等场所的高档壁画、装饰画、立体画、
场景画等，集设计、 制作为一体，提供专业的艺术作品，其案例曾多次在央视新闻、各地方电视台播出。",设计,B,,2006,虹桥路953弄6号,021-52342818,,9:30——6:00
102,玉石空间设计,http://ysroom.cn/,"上海玉石建筑装饰是集设计、施工、监理与一体化的高效装修团队，主要从事家庭、别墅、办公楼宇、商业空间的设计装饰与施工。自成立以来本着一切让客户满意的准则，拼搏创新、锐意进取，帮助客户根据其不同的目标与需求，定制最佳的居家装饰解决方案。
",装修/设计,B,,,宜山路515号1号楼28层D座,021-54231278,,
428,誉重装饰设计,http://shyuz.qianyan.biz/,上海誉重装饰设计有限公司是一家专业从事室内外装饰工程设计及施工于一体的优秀企业．公司成立于２００５年，主要致力于高，中，低档住宅，别墅，酒店，商业空间，厂房，门面房的设计与施工．公司本着＂替客户设想，为客户服务，以质量上乘，价格合理，施工快捷，诚信服务为宗旨．,装修/设计,B,,2005,周浦镇年家浜路333弄49号2楼(近周浦电影院),021-68114159,,
921,月恒建筑装饰,http://www.1426.zxdyw.com/, 上海月恒建筑装饰工程有限公司成立于1998年10月份，注册资金一千二百万元，拥有建筑装饰装修二级资质，并通过了ISO9001质量认证体系。月恒设计自诞生以来就先后聘请中央美院、拉萨尔中国设计院，同济大学等高级设计师，公司拥有背景资深，年轻前卫的设计师团体。,装修/设计,B,,1998,四平路2158号901-903室(近国定路),021-55090310&nbsp;55090320,,8:30-17:30
508,云柏装饰设计,http://www.sh-yunbai.com/,云柏公司主要经营办公空间、酒店、商铺、专卖店、展览装潢及高中档家庭装饰工程的设计、施 工。 “以优秀的设计，一流的施工、完善的服务，创造出优良的装饰产品”为服务宗旨。设计以世界各地的文化为视野，在继承传统文化的基础上，融合多元文化，创造 出更具时代气息、更具冲击力的室内外环境。施工以“质量求精，工艺求熟”为永恒的工作目标，不断提高业务、管理水平，使施工工业化、工艺标准化、设备现代 化、管理规范化。做到设计一流，预算透明、材料优质、施工精细、饰后无忧，追求装潢的高性价比，为客户提供物超所值的服务。,装修/设计,B,,2005,张杨北路476号(近博兴路),021-50265880&nbsp;68717735,,地铁6号线 85路
587,云居装潢,http://www.yunjush.com/,"上海云居室内装潢有限公司是一家从事别墅、中高档家居、办公空间、商业店铺及工业厂房装修的装潢公司。公司拥有设计新颖、风格独特、技术一留的设计师队伍，他们善于把握客户的生活品位，充分利用居室空间，结合自己独特的设计，为客户营造一个个温馨的家园。施工人员都经过严格培训，持证上岗，为您提供一条龙服务。市室内装潢三级
　　市装潢协会会员单位
　　市室内环保定点受检单位
　　市诚信企业建设单位
",装修,B,,,浦东南路1667号,,,
366,云来装潢,http://www.shyunlai.com/,"上海云来装潢材料有限公司在有关方面支援下，成立于1998年8月。位于浦东新区花木镇，前身是浦东新区子友装潢服务部。
　　公司集商品流通，室内装潢于一体。",装修/建材,B,,1998,樱花路89弄15号103室,021-51097938,,
423,再典装饰设计,http://www.shzdsheji.com/,上海再典装饰设计有限公司是一家集装饰设计，预算，施工，材料，维护，配套为一体的综合性企业。公司拥有一批资深的注册设计师，经验丰富的施工管理队伍和专业技术过硬的施工队伍，专业从事住宅，别墅，商业空间，写字楼等中高档装饰工程的设计和施工。,装修/设计,B,,,周康路28号万达广场F栋501室,021-20986272,,9：00-17：30
635,真杨装潢,http://www.60296515.com/,　上海真杨建筑装潢有限公司，秉承“追求生命本质”的设计理念，为高档精品别墅、酒店、中型休闲娱乐场所、写字楼、展厅提供集设计、施工为一体的服务。真，代表着真诚、真谛。真者，精诚之于也，真在内心神动与外，以真知灼见和真切的理论设计打造出重真际忌空泛的业中真品。一如企业名称，上海真杨建筑装潢有限公司以出色的设计；精湛的施工得到了沪、苏、浙及各地众多业主与工装用户的肯定与支持,装修/设计,B,,,沪太路1061号(近灵石路),,,8：30-21：00
510,征海建筑装饰设计(环林东路店),http://www.zhenghaizs.com,"上海征海建筑装饰设计有限公司，简称""征海装饰""。专业从事商业空间设计和施工，专精美容美发,SPA会所,养生足浴,餐厅饭店等商铺店面,办公室,展示展柜,商场道具,厂房等装修设计。 征海装饰作为装修行业的新生力量，本着以超群为传统的精神，不断积极进取，不断改革创新，终以本质与独特融为一体。",装修/设计,B,,,环林东路879号2号4号门(近永泰路),021-50130325&nbsp;58320417,,8：30-17：30
551,栀子画开墙体彩绘,http://www.jxshq.com/index.asp,我们是栀子画开手绘墙公司，成立于2008年，网点分布在上海、南昌，主要承接各种形式的手绘壁画、墙面彩绘、墙体绘画、酒店装饰画、3D立体画等业务， 室内室外墙体大小不限。可以绘制客户指定的图案，也可以接受客户的委托免费为其绘制个性图案，定稿后再上墙绘制。采用国外专业防水环保壁画颜料绘制，不怕 风吹日晒，雨雪。,设计,B,,,昌里东路500号(近中国馆),,,24小时
267,志卓装饰,http://www.shzhizhuo.com/,上海志卓室内装潢有限公司一家集设计、施工、服务为一体，具有装潢专项资质的企业。十多年来的辛勤耕耘，造就了志卓独特的企业文化。在国际大都市的上海占有一席之地。,装修/设计,B,,,安龙路794号(近仙霞路),021-62905597,,8:00——21:00
185,中菏建筑工程,http://www.oushijianzhu.com,中菏建筑工程设计（上海）有限公司依托于核工业第七研究设计院（沪），甲级资质，我们专注于研究欧式建筑设计与欧式建筑施工，潜心开发欧式建筑材料和施工工艺。已完成法院 海关 银行 别墅区 住宅区 会所 星级酒店 办公楼等多项欧式建筑设计，赢得了业主的信赖与好评。,装修/设计,B,,,沪闵路9510号泰成大厦504室(近漕宝路地铁站),021-64517578,,9：00——17：30
295,中集建设,http://www.cczjc.com/zn/main.php,中集建设集团有限公司是中集建设集团的核心企业，经国家工商行政管理局核准登记，注册资金8600万元。 集团公司具有房屋建筑工程施工总承包一级；市政公用工程施工总承包一级；建筑装饰装修工程专业承包一级、钢结构工程专业承包一级；机电设备安装工程专业承包二级、建筑智能化工程专业承包二级、地基与基础工程专业承包二级资质。通过了质量、环境、职业健康安全管理体系认证。资信等级为AAA。,装修/设计,B,,2008,西康路928号创展大厦3楼,021-52521415,,
401,卓佳装潢,http://www.sh-zhuojia.com/," 上海卓佳装潢有限公司是市家装行业协会会员单位，施工资质企业，绿色环保定点检测单位，通过ISO9001国际认证，市民放心品牌企业。多年来企业以“严密的管理制度，一流的创意设计，一流的施工质量，一流的饰后服务”立足于本市装饰行业。

        本公司具备宾馆、饭店、别墅、家居等大小各类工程项目的施工技术及设备，并以新颖的艺术构思，前卫的设计，经典的施工而“举世闻名”，守合同赢得了市民的高度赞扬。",装修/设计,B,,,张江路768号(紫微路),021-58958480&nbsp;58958477,,
27,卓帧装饰,http://www.e-linwei.com/,上海卓帧装饰有限公司成立于2002年，是上海最早从事网络家居设计和施工的企业之一。拥有一支一流的设计团队，秉承“创意源自艺术，设计源于生活”的理念，经过多年的不懈努力，使品牌价值不断提升，如07年《苏格拉底》，08年的《易简极家》，09年的《白色爱恋》等作品，都已经成为众多消费者心中永恒的经典。　,设计,B,,,宜山路520号中华门大厦1608室(近中山西路),021-54251781,,（周一~周日）9:30am-18:30pm星期三休息
353,紫苹果装饰,http://www.shpurapple.com/,成立9年来，紫苹果先后荣获“中国知名企业”“中国品牌500强”等国家级荣誉，先后有3名设计师在不同城市入选CCTV-2“交换空间”栏目…紫苹果以不断的行业创新、数不清的荣誉以及连年爆炸式的增长在业界被誉为“中国最有潜力的家居公司”，成为上海别墅装修家居行业的传奇品牌。 ,装修/设计,B,,2001,浦东南路1558号(近浦电路),15800486514,,9:00-17:30
50,紫业装饰设计,http://www.ziyehk.com,上海紫业装饰设计工程有限公司，是一家从事室内设计、装潢工程的专业公司。公司自成立以来，一贯秉承“诚信为本，品质为根，服务为先，追求卓越，创新无限 “的经营理念，为广大消费者提供从设计、施工到材料配送、后期配饰等一条龙服务。通过有效运作及经验积累，规范操作贯穿于设计、施工及饰后服务等各个环 节，其以工程品质保障闻名于业内。 紫业装饰公司设计力量雄厚，由业内资深设计师带队，设计总监负责复审方案，严格要求达到设计无盲点，图纸无误区。设计师秉承“以人为本”的理念，通过对消 费者性格、爱好、兴趣、职业等内容的了解和对各种设计元素的准确把握，将功能、物理、个性、风水、生理和美学等设计元素融入整个家居设计中，创造出既满足 房间主人个性，又有独特环境设计的家居空间。 紫业装饰秉承“海派风格、引导时尚家居设计”的经营理念，以“提供优质的服务、保持合理的价格”作为经营策略，并以创新、务实的企业精神，用专业的品质和 真诚的热情，服务于祖国大地。 紫业装饰设计工程有限公司为您提供高品质装饰服务，我们是优秀的上海装饰设计公司，有丰富的家庭装饰设计，工程装饰设计经验，我们提供上海公寓房、别墅、 复式楼装修，办公室装修，店面装修，酒吧装修，专卖店装修等。,装修/设计,B,,2002,徐汇区裕德路168号徐汇商务大厦2618室,021-34010193,,9：00-17:30
514,尊景装饰设计工程,http://www.zunjing.com/,"上海市装饰装修行业协会会员单位，是一家专业从事室内外装饰设计施工的优秀企业，主要经营家庭与公共空间的装修设计、施工业务；园林景观的设计与施工。因精于把握客户的生活品位，巧妙利用空间，为客户提供个性化时尚设计，真正做到量身打造，而深受广大客户的喜爱。成功设计过多处别墅样板房、售楼处、办公楼、咖啡厅等作品，公司可参观样板房遍布各区公司由沪上知名青年设计师创办。其毕业于清华大学美术学院、全国注册室内设计师。由他领军的一批年青的设计师们，以自已的年青的朝气，负责任的平和心态，不曲不饶地打造着一个新的品牌“尊景”“以客为尊，景致天下”已经不仅仅是他们的一个口号，更是心里的一个坚定的信念。

 ",装修/设计,B,,,浦明路1188弄4号会所2楼(近浦建路),021-68731622,,9点-17点
18,1917设计,http://www.1917.me/,"1917以年轻的都市白领,社会精英为主流受众人群。 经过多年的成长： 其品牌影响力已覆盖华东地区主流网络社区。 1917已经发展成为深受都市白领推崇的新锐家居装饰品牌。 ",装修,C,,2003,宜山路520号中华门大厦909室(近中山西路),021-54488360&nbsp;64271052,,9:00~18:30
259,910吉吉屋（图片有水印）,http://www.yooky.cn,"注重环保，诚信赢天下。本着安全环保、诚信服务，质量是企业发展动力的原则，采用标准化的管理，个性化设计，追求每个工程的质量
和客户满意度。",装修,C,,,定西路1277号长峰大厦910室,021-62520029,021-32211772,
705,A2R,,为办公提供专业设计与施工配合及评估，对于空间布局、风格营造、设计创意、品质控制，都有较为丰富的经验。,装修,C,,,真北路915号绿洲中环会议中心,13901972537,"QQ：1577481359
MSN：a2r.deco@hotmail.com",0:00-24:00
42,Am国际设计事务所,http://blog.soufun.com/blog_29377309.htm,合伙人由几位国内外不同知名设计公司的资深设计师组成“新生代”设计新锐联盟。均有操作商业空间，办公室，酒店，别墅，高档公寓等成功经验。,装修,C,,2005,苍梧路10号B座406室(漕溪北路南丹路),021-54488212,QQ：1295505436,10:00--18:00
282,Catnapper,,坐落于静安寺附近的一家设计公司，源自美国的品牌,设计,C,,,镇宁路229号(近静安寺),,,
400,Chapin House Design,"http://joeyol.blog.163.com/profile/；
http://chapinhousedesign.com/page/cn/2/%E9%A6%96%E9%A1%B5.html","蔡平宅设计是一个拥有1500平方米的工作室,我们拥有精美的家具和装潢,典雅的装饰照明,以及独特的家具装饰和摆设用于布置任何独特的生活空间。从传统到现在,从简约到豪华,从田园到时尚－蔡平住宅设计会成为你探索的宝藏。每一天,每一周您都可以在我们的工作室有不同的,新的发现。",设计,C,,,陈家沟路2号(近金丰路),021-58581329;58582120,QQ：270226805,10am－5pm（周日休息）
627,D6设计,http://www.d6sheji.com/,网络家装传承品牌,装修,C,,2004,怒江北路598号红星世贸大厦1701室(泸定路怒江北路),021-60825611;60825616,,10:00-18:00周六周日正常工作，周二休息日
312,db空间设计千惠建筑装饰,http://www.51029600.com/,主要从事中高档室内装修的设计、施工、服务一体化；工装店铺装修较多，包括海底捞二层翻新等,装修,C,,,浦东东方路1365号23楼B座(近蓝村路地铁站),021-51029600;4008839600,,9:00-18:00（节假日无休）
322,E时代精品设计,,上海e时代精品装饰设计工程有限公司专业提供高品质室内装潢的设计、施工、饰后服务，业务范围包括公寓、别墅、复式、多层房的设计装饰，二手房翻新，商铺、写字楼、厂房装修等。,装修,C,,,浦东新区东方路1359弄海富花园18楼B座,021-50492726,,地铁6号线 蓝村路站
238,E时代精品设计(中山西路店),,上海e时代精品装饰设计工程有限公司专业提供高品质室内装潢的设计、施工、饰后服务，业务范围包括公寓、别墅、复式、多层房的设计装饰，二手房翻新，商铺、写字楼、厂房装修等。,装修,C,,,中山西路2099弄金诚花园2号楼1502室,021-54247686,,
723,E宅设计(普陀店),,宅空间设计是一家集设计、施工、服务为一体的专业化装潢企业，业务面向全国，承接别墅、公寓、写字楼、宾馆、酒店、娱乐场所、厂房等装饰装潢项目。,装修,C,,,宁夏路201号绿地科创大厦16楼F座(近曹杨路),,,
87,E宅设计(宜山路店),,宅空间设计是一家集设计、施工、服务为一体的专业化装潢企业，业务面向全国，承接别墅、公寓、写字楼、宾馆、酒店、娱乐场所、厂房等装饰装潢项目。,装修,C,,,宜山路520号中华门大厦14楼B座(近中山西路),"021-31335531-606, 13601813840",,全年无休
148,FACE家居和设计,,这里不是冷冰冰的家具卖场，而是在充满浪漫氛围的法租界，一群对生活和设计有着不同诠释的国外设计师们的魔法show room，来到这里的每一位客人在这个寒冷的季节有我们自己提供的免费温暖的饮品和可口的小吃，一边听着房屋每个家居和艺术品的故事，一边品味生活~,设计,C,,,泰安路77号西幢3楼(近兴国路),021-62299633,,10：00~18:00 礼拜一到礼拜天
265,Go Go Home,,无,装修,C,,,定西路1190弄4号1室(近武夷路),021-62520139,,
239,ICHIC室内设计,,主要服务项目包括：家庭装潢设计，庭院设计，酒店酒吧设计，店铺设计，展台设计以及各类室内陈设特殊效果设计。设计风格涉及现代简约、现代欧式，古典欧式、古典中式、现代中式、和式和东南亚风格，设计主题融会贯通与各地人文情调和生活习惯之中,装修,C,,,虹桥路1900号新苑宾馆CD廊(近西郊宾馆),"021-50453693,15618629815",QQ:158441062,
297,krt,http://www.krt-design.com,丰富的设计与施工经验能给每个项目带来有效的施工进度和优良品质，为满足各类顾客的需求，krt致力成为一流的设计装潢公司，能给客户以最有效的高品质服务,装修,C,,,陕西北路,,,
493,KUKUGO室内设计,,专业从事别墅装修设计、办公空间设计、酒店旅店宾馆、商场专卖店展览展示、连锁店铺的室内装修设计与工程施工,装修,C,,2006,东方路8号良丰大厦26层C座(近东方医院),021-51992289,,周一至周五 9:00 - 18:00
658,LP室内设计工作室,,无,装修,C,,,沪太路828号悠诗阁公寓A栋406室(近新村路),15301671477,,
305,Mein Studia,,无,设计,C,,,北京西路1228号(近西康路),,,公交21路、939路、15路等北京西路陕西北路下～
861,MOHOME家尚设计,,擅长方向：婚房装修、家庭装修、办公室装修、店面装修、二手房翻新、装修设计,装修,C,,,国顺东路800号五角场800号艺术中心东楼404-406室(近双阳北路),4008986677,电话:4000740001,"9:30~17:30,周二休息（来店前请预约）"
469,Space装潢,http://www.thespacedesign.com.cn/,一家专业的建筑设计事务所，主要的服务对象是别墅、会所、酒店等相对比较高端的客户群体，为这些客户提供从设计到施工及家具选择等一整套的专业服务,装修,C,,,沈家弄路776号(近民生路),021-68558211,,
60,TT精工,,TT精工是上海尚睿装饰工程设计有限公司下属室内装饰品牌，主管室内设计、装修施工、软装等业务,装修,C,,,中山西路2025号1823-1826室(近宜山路),021-62406619&nbsp;64391860,,10:00-19:00(全年无休）
115,TUS空间设计,http://www.to8to.com/zs/720509/,TUS(凸舍)空间设计装饰设计有限公司是一个由设计师联盟组建成立的、倡导设计主导施工的一体化装饰装潢设计机构。主要客户为需要设计改变生活，设计带动生活，设计反映生活的业主,装修,C,,2009,文定路288弄8号101室(近宜山路),4006900282,tusdesign@163.com,早9点——晚8点 网址：www.tusdesign.com
276,YourBest 优钡装潢,,性价比较高的装修设计公司，注重设计的空间感和舒适性,装修,C,,,南京西路1025弄63号1楼(近茂名北路),021-62360335;15601809861,,0900-2100
362,艾嘉创意,http://blog.soufun.com/29396290/10312587/articledetail.htm,艾嘉创意，一个“时尚”的设计团队，作品曾多次刊登在《世界家苑》、《时尚家居》、《瑞丽家居》、《品位》、《精品家居》、《better home and garden》。。。等时尚媒体,设计,C,,,香南路488弄(近广兰路),13801727190;18930163523,,9：00--18：00
66,八零空间设计,,一家以婚房设计为主的装饰设计工程有限公司,装修,C,,,漕宝路82号光大会展中心E座1002室(近习勤路),,,
20,八零年代设计事务所,http://www.fantong.com/biz-633896/pic/1689290/,是一支年轻的八零后组建的设计团队，主要从事于室内设计与施工服务,装修,C,,2005,凯旋路3500号华苑大厦1号楼31B室(近中山西路),021-64603521,电话:021-64603521,AM9：00——PM10：00
588,百天装饰工程,http://web.a963.com/183/183960/index-detail.htm,提倡绿色家装；注重设计前期方案和使用装饰材料符合环保原则和标准，致力于向客户提供高品质、个性化的装饰设计方案,装修,C,,,张扬北路472号(近博兴路),021-68713785&nbsp;68957565,,地铁6号线 博兴路站
503,佰令建筑装饰,http://www.bailingjz.com/,专营中高档装饰设计施工的企业,装修,C,,,行泰路281弄20号(近高行中学),021-68978628,,上午9：00---下午19：00
576,本蓝装潢,,从事室内装饰，建筑材料销售行业,装修,C,,2007,妙境路1367弄(近绣川路),021-50790358,,
269,本墨室内设计,,主要设计专长：住宅公寓室内装修 ,装修,C,,2009,愚园路727号1楼(近镇宁路),021-62119626，62139016,,周一至周日 9:00~20:30（来店前请预约）
507,博乐装潢,,从事室内设计、装修工程的专业公司,装修,C,,,张杨路1695号2楼(民生路张杨路),021-58528053,,
314,布空间设计装饰(浦东店),http://www.bukongjian.com,2010年度，布空间所属五地年营业额近3000万(上海、苏州、无锡、常州、昆山)，合计完成设计、施工项目工程300余个,装修,C,,2006,东方路1381号兰村大厦18楼D座(近蓝村路),021-63900399,电话:021-63900399,地铁四号线六号线蓝村路站下 即可
610,布空间设计装饰中心(普陀设计中心),http://www.bukongjian.com,2010年度，布空间所属五地年营业额近3000万(上海、苏州、无锡、常州、昆山)，合计完成设计、施工项目工程301余个,装修,C,,2007,中山北路1759号浦发广场D座2114室(近光新路),021-61397761,,10：00~18：00
891,曹师傅装潢,http://021-zh.com/,用心服务，让装修成为一种享受,装修,C,,2007,控江路(近江浦路),,,
566,超云装潢,,集室内设计、预算、施工、材料于一体的专业化装饰资质企业,装修,C,,2004,周浦镇周东路640号(川周路口),021-68188802,,
789,辰玺设计装饰,http://www.1xiu.com.cn/zs/1110/,集室内外设计、预算、施工、材料于一体的专业化设计装饰公司,装修,C,,2011,陈家宅路38号E-302室(近西藏北路),13472805520,,
253,创珂装饰设计,,专营家装设计和建材的企业,装修,C,,2001,上海市闵行区北松路2399号,021-62286867&nbsp;62749689,13801686269,9:00~18:30
111,大灏设计事物所,,几个在境外设计公司工作多年的设计合伙人合作开设的一家室内设计事务所，公司主营空间规划，室内设计，施工管理,装修,C,,,宾阳路62弄乾骏大厦2号2001室(近龙漕路),021-64701268&nbsp;64702402,,AM:10:00--12:00 PM:13:00--18:00
746,大简装饰,,打造商业空间、别墅、高档公寓等各类空间，提供设计、选材、施工、软装等全方位、高品质的服务,装修,C,,,白兰路137弄1号绿洲广场A座1012室,,,
123,大珏建筑工程设计,,专注于别墅设计及别墅装潢,装修,C,,1997,田林路142号怡虹科技园1001室(近越界创意园区),021-64851110,,全年无休 9:30-18：00
204,大雄和室装潢设计,,专注于和室装潢设计的独特装修设计公司,装修,C,,,宜山路436号,13816250801,,
676,缔尚装潢,http://dszs.58.com.cn/,一家集办公、家居、工装、酒店、别墅、工厂等设计与装修为一体的装饰设计工程有限公司,装修,C,,,枣阳路465弄58号101室(近华师大后门),021-52715389,,
24,典庄装饰,,专业从事住宅公寓、别墅以及商业办公场所设计和施工为一体的装饰设计公司,装修,C,,,宜山路515号2号楼22楼E座(钦州路口),021-54487629&nbsp;54486539,,9:00-18:00
372,点艺装饰设计,,致力于别墅、办公楼、娱乐会所、店面、家庭装潢等空间设计和施工,装修,C,,,顾高路20号,15021143675,,
882,殿宇装饰,www.shdianyu.com,集设计、施工为一体的家装公司,装修,C,,,隆昌路619弄B座311室,021-55830708&nbsp;4000580558,,9:00-17:30
214,丁师傅施工中心,,做小半包为主的公司，重在施工,装修,C,,,中山西路2006号甲(延安西路中山西路),021-51171130,,9：00--18：00
466,鼎顶装饰,,一家专业承接中高档室内外设计装饰装修公司,装修,C,,,北蔡镇莲园路176号(近北蔡中学),021-33788286,,
71,鼎茂装饰,http://hydingmao1628.huamu.cn/,专业从事高档别墅、会所、餐厅、酒吧及办公楼的设计和施工,装修,C,,,南丹路189弄2号905室(近宜山路),4008881601&nbsp;64681628,,
696,东迪top,,从事室内设计，重点在婚房装修领域,装修,C,,,古浪路164号(古浪路真大路),13651788808,,
错660,房屋装修装潢,,成立近十余年，有丰富的装修设计经验,装修,C,,,桃浦路(利群医院对面),021-52762248,,9：00--18：00
769,奋浩设计装潢,http://990901.co.sonhoo.com/company_web/index-990902.html,本公司主要经营装饰材料、室内装饰、建筑装饰等。本公司秉承“顾客至上，锐意进取”的经营理念，坚持“客户第一”的原则为广大客户提供优质的服务。欢,装修,C,,2010,共和新路985弄2号2楼(共和新路汶水路),021-56622803,,9：00--18：00
155,孚若珥建筑装饰设计,http://www.furuoer.com/index.html,2011年度室内设计学会奖，2011年度优秀购物空间设计作品,设计,C,,2007,田林路140号越界创意园区28号350室(近苍梧路),021-33676875&nbsp;33676876,咨询热线：400-689-6877,早9点到下午5点半
909,复旦塑钢铝合金装潢,,,,C,,,国定路597弄(近财经大学),,,8：30—10:00
359,富聚装潢设计,http://u.tumanduo.com/i_82813.html,"公司秉承以人为本的设计与装饰理念，把环保，生态，时尚品味，个性实
用，融入具体的人居环境空间，自2004年施工以来，为众多TX提供了优质诚信服务。我们将继续为广大客户提供优质、规范、周全、放心的服务！",装修,C,,2004,东方路1363号海富花园3号楼25号(近蓝村路),021-60510558,13681629256,上午：9.30----下午5点
22,高远装饰,http://web.a963.com/107/107706/,,,C,,,黄陂南路751号1号楼309室(黄陂南路建国东路),021-33665552&nbsp;33665553,全国免费服务电话：400-666-1356,周一-周六，上午9点-下午6点
760,阁韵空间装饰,www.591green.com,"Green拥有一支独立的施工队伍和专业的设计力量,对环境设计与施工技能一并看中,集设计,施工,监理为一体,专注于公寓,别墅,宾馆,办公楼,专卖店,俱乐部的设计施工,为业主提供装修设计,选材施工,软装搭配的全方位服务.",设计,C,,,中山北路900号加禾商务中心2幢106-107(近普善路),021-56550930, ,9:30-17:30
72,谷辰室内精品设计,http://www.rryjw.com/company/35000483/cases.html,上海谷辰装饰设计有限公司是一家集设计与施工为一体的专业化装修公司。公司核心业务围绕家装/工装，提供上下游不同层次的设计及系统完善的管理服务，是一家提供完整的家装、办公室装修装潢/厂房装修装潢设计空间规划，工程管理，室内设计和施工的专业公司。,装修,C,,,中山西路1919号北科大厦B座6楼05-07室,021-60910001,,
407,广东星艺装饰,http://www.dianping.com/shop/5327700,,,C,,,沪南公路3468弄1支弄31号(近年家浜路),,,9点-21点
383,海尚艺家,http://zhuangxiu.jia.com/shop/214033/company_comment/,一家“想装修者之所想，急装修者之所急”，致力于为装修者解决实际问题的公司；一 家不断开拓进取，致力于成为整体家居集成系统领导者的公司。,装修,C,,,张杨北路506号,021-50252831&nbsp;50266011,,9：00-21:00
488,海馨装潢,http://www.zsezt.com/team/index-14476.html,,装修,C,,2012,川沙新镇新德西路508弄69号(近华夏三路),"021-888888
",,09：00—20：00
56,翰邑国际设计,http://bang.liba.com/HYDESIGN,翰邑国际设计团队管家式服务引领精致中国生活,设计,C,,1991,宜山路520号中华门大厦15楼D座,18616154247,13901691784,
118,皓设计工作室,,打造本土设计平台。以商业空间设计为主，平面、多媒体、服装设计为辅，代表了一种纯粹的生活与独特的海派设计风格。,设计,C,,,华亭路71弄4号(近淮海中路),021-34610913,,9：00-18:00
294,合喜MCG设计事务所,http://companys.ccd.com.cn/libing1015/About/,MCG团队来自四面八方，多样化的人才为我们团队的发展奠定了坚实基础。MCG团队立足上海面向全球市场，专注于商场、酒店、餐厅、会所等高端商业空间设计。,设计,C,,,澳门路(近昌化路),15901953222,62273520,
687,合喜商业设计装潢,合喜商业设计装潢,,设计,C,,,昌平路(昌平路西康路),,,
462,荷空间设计,http://www.shejiben.com/sjs/658570/,十年以上的设计经验，专攻家装。,设计,C,,,东方路1361号7楼E座(近蓝村路地铁站),021-50307992,,上午9:00-下午19:00
198,恒祥装饰,http://www.shhxjz.com/about.asp?sortid=1,始终坚持“以质量求生存，以信誉求发展”的宗旨，倡导精品 环保 诚信 透明的原则，为广大客户提供优质的服务，满足客户的不同需求。,设计,C,,2011,宜山路439号七建大厦8003室,021-33561192,,
169,衡威装饰工程,http://qy.58.com/27940737/,"筑装修施工, 室内装饰 本公司秉承“顾客至上，锐意进取”的经营理念，坚持“客户第一”的原则为广大客户提供优质的服务",装修,C,,1990,斜土路1175号景泰大厦506室(近万体馆),021-64187525,,9：00--18：00
112,弘合装潢设计,http://www.china-designer.com/home/index.asp?accountid=286041,在各类型不同的空间里，切入最适当的规划；在各需求不同的客户中，给予最专业的设计服务。在务实及客观的必要条件下，提供给客户专业的设计判断,设计,C,,,钥桥路909号D1国际创意空间3号楼609室,021-60516615,,
474,红浪室内设计,http://www.ddmap.com/map/21/point-686811-%BA%EC%C0%CB-comment.htm,"本着“实实在在做事、明明白白挣钱”的经营理念；先后完成了一系列高品质的装饰设计工程，树立了良好的信誉和品牌形象。
",装修,C,,,蓝村路1381号蓝村大厦18楼D座(近东方路),021-62875566,,
725,鸿运装潢,,本公司专门承接商务楼、室内外一切装潢，包括木工、瓦工、水电工、油漆工等一条龙服务,装修,C,,,中山北路(近岚皋西路),13918159062,,全天
119,后街室内装潢,http://backstreet.qianyan.biz/,"海后街室内装潢有限公司为您提供的服务项目有：办公室装修,装饰设计,办公室装潢,展柜制作,装潢公司,办公室设计,商场道具等。",装修,C,,,龙漕路1弄8号室内装潢总汇1楼(近地铁3号出口),021-64835641,021-64835641,
369,沪鑫建筑装潢,http://4llg1vvq.cn.china.cn/,为国内众多企业&家庭提供专业而整体的视觉空间解决方案，沪鑫不是一个单纯的家装设计公司，也不是一个单纯的别墅设计公司，而是一家综合于空间视觉设计的专业设计公司等优势,装修,C,,2000,永泰路500号(上南路永泰路),021-50841289,021-50841289,
920,集采堂设计,http://jctownsh.ce.c-c.com/,上海集采堂设计机构，提供精品室内设计和专业施工团队服务，作品涵盖公寓、别墅、专卖店、办公空间等。,装修,C,,2007,杨浦区关山路169号2303室(近黄兴路国顺东路口),021-55067705,,周一至周五9:00-17:30 其他时间需预约
720,佳筑装饰,,"司专业从事家庭装修,别墅,中高档办公装修商业空间及展示空间的设计与施工业务本公司拥有专业的设计团队及施工团队",装修,C,,,中宁路955弄1号(近武宁路),021-33606366,,
121,匠贤装饰,,是经过上海市装潢权威机构认证的企业/积累了数年来得家居装潢经验，是一家集设计与施工为一体的诚信企业。,装修,C,,,罗秀路65号(龙吴路口),021-54010675&nbsp;54010304,,8：00--18：00
728,蛟海工程,,本公司是经过国家正规注册，保洁类实力雄厚的专业性清洗公司，我公司具有全新的服务理念、专业的技术水平和管理模式，并引进了先进的专业设备，具有服务跟踪以及经验丰富的专业技师，高素质的施工队伍及广阔的清洗服务范围。,装修,C,,2004年,梅川路(近真北路),021-64051779,,24
389,今贤装饰,,是一家专业致力于住宅公寓、别墅、办公室、厂房等室内装饰装修的专业装饰公司。专业承接各类型住宅公寓、别墅、写字楼、厂房、店铺、商业场所及办公商务楼室内外建筑装饰设计和施工工程。 有着数年的工程设计、施工及管理经验。 公司有着完整的组织机构和严格的管理制度， 拥有专业的设计人员，技术人员，管理人员；拥有专业、固定的施工队伍， 确保工程质量。,装修,C,,,东方路1361号3号楼22c,021-60525268,,
202,景煜装饰设计,,主要承接连锁餐饮、办公、别墅等设计项目。随着公司业务的增多，公司不断的再扩大，真诚携手每位有才人士共同发展与进步。,装修,C,,2002年,斜土路1175号,,,9: 00 -- 19: 00
695,军政装潢,,无,装修,C,,,新村路(近岚皋路),021-58888888,,全天24小时。装修公积金缴纳，提取。
525,钧艺上海,,无,装修,C,,,灵山路1671号(近德平路),13917268888,,
897,俊豪装饰设计,,一家集设计、施工为一体的装潢企业，专业从事室内外各种档次的装饰设计和装潢施工,装修,C,,,宁国路313号(长阳路宁国路),13262612259,,8
761,卡博兰德室内设计工作室,,一家专注于室内装饰设计与施工的公司,装修,C,,,广延路555弄宝华现代城4号2302室(近广中路),021-66308023,,9：30-6：00
25,开丹装潢,http://kaidan.china.b2b.cn/,一家从事宾馆、办公楼、别墅、店铺、家居装饰设计、装饰施工为一体的名牌优秀装饰公司,装修,C,,,建国中路24号(建国中路思南路),,,
562,柯海装饰,,主营家庭装饰业务的公司,装修,C,,,上南路3437号2楼(近海阳路),021-20249869,,9:00-18:00
222,柯磊建筑装饰,,"一家专业从事中高档公寓住宅、别墅、办公及商业空间的室内空间规划,设计与施工的公司",装修,C,,,定西路1310弄6号福安大厦907室(近宣化路),021-32110259,,10点-18点
279,科勒设计中心,http://www.kohler.com.cn/aboutUs/landing.cn,"科勒设计中心座落于上海南京西路456号，共四层,面积约 4000平米，是科勒目前在全国最大的集卫浴，家居，橱柜产品于一体的全新展示中心。",设计,C,,,南京西路456号(近仙乐斯广场),021-53755058,,109（上海电视台站），地铁2号线（人民广场站）
682,肯记建筑装饰,http://www.525j.biz已失效,以网店经营的模式面对业主，既省去传统装修公司庞大的店租及店面装修、运营成本，又能给业主提供更好更直观更快捷的服务保证。在节省成本的同时，用信息传递最快捷的网络，完全透明的出现在广大业主面前，接受业主的监督。以我们的专业知识和实践经验为您提供更时尚的设计、更精良的施工、更贴心的服务、更合理的价格，打造网络装修第一品牌。,装修,C,,,中山北路3856弄中环大厦1-4号中环大厦07层10(近宁夏路),021-52680226,,
482,酷彩艺阁墙绘,http://colourcool.ebdoor.com/,专业墙体彩绘工作室，服务范围：1.现代家庭装饰墙画；2.酒店、公司、会所、广场高档壁画；3.公共场所宣传、装饰性大型墙体画 ；4.产品手工艺绘画；5.个性手绘鞋手绘服装,设计,C,,,益江路71弄126号(近家乐福),021-61533105,,全天24小时
777,坤然装潢设计,http://sh-krdesign.com/index.asp,集室内设计、环境设计、建筑设计、工程施工、软装饰设计等一体化的综合性专业设计公司。,装修,C,,,共和新路938弄966号共和大厦2201室(近地铁中山北路站1号口),021-36528619&nbsp;56436172,,全年无休
91,涞澳设计,http://iadc.com.cn/cn/home.html,从事建筑、室内设计及景观设计之专业机构。IADC以精湛的设计艺术及丰富的设计经验，与众多国际品牌长期愉快合作，作品遍及中国主要城市，同时IADC又与意大利知名设计事务所Copersino & Partners建立了长期紧密的合作与联系，并将国际一流的设计师及设计作品带到中国,设计,C,,2000,宝庆路20号4号楼B楼(近五官科医院),021-64711530,IADC_DESIGN@126.COM,
710,莱赫建筑,,主要以办公室，商铺，别墅装修为主。,装修,C,,2006,武宁路200弄22号大院3楼(近东新路),021-32182011,,8:30~17:00
103,莱特整体橱柜,http://www.laite.com/,专业生产以莱特品牌为主导的整体厨房吸油烟机，燃气灶具，保洁柜，水槽，烤箱，蒸汽炉，微波炉等厨房系列产品。,装修,C,,1988,中山西路2331号波涛建材市场2楼(近宜家家居),021-51575206,,09:30-18:00
577,蓝天白云壁画工作室,http://www.ltbysh.cn/,"上海最早注册的手绘艺术机构,主要从事于大型酒店、餐饮连锁店、公司、会所、广场高档装饰壁画，时尚家居装饰墙画、壁画，公共场所宣传式、装饰性大型墙体画，产品加工型手工艺绘画,是一家以绘画为主的艺术工作机构。",设计,C,,2002,御桥路2000号(近沪南路),021-68939094,"李富华15800617155
QQ：969661012 
shltby@163.com",8:00-21:00   周六、周日不休
59,蓝图空间设计,http://bang.liba.com/35000193#top,篱笆网上好评如潮的公司，设计作品丰富，并拥有管理完善的施工队伍及服务流程。,装修,C,,,宜山路515号博库书城1号楼11楼H座,021-54042105,15001832855,9:00-20:00地铁3、4、9号线宜山路站
255,蓝鱼手绘,www.51bluefish.com,"以手绘艺术为支点，承载手绘墙（包括家装彩绘墙）、汽车彩绘、摩托车彩绘、隐形壁画、装饰油画为一身的专业绘画服务机构。
沪上规模最大、服务最专业、质量最有保证的手绘公司。
公司拥有200多平米的手绘展厅，随时欢迎您前来参观洽谈。
蓝鱼手绘公司工商注册全称：上海蓝鱼广告有限公司",设计,C,,,上海市闸北区中兴路494号B座403室（近鸿兴路）,021-60524668;67690797,"137 6468 5678
QQ：客服一 723584032
                  客服二 772760311
                  客服三 813092152",周一至周六 9:00-18:00 其他时间请提前预约。
231,立添装饰设计,http://www.litianzh.com/l,,装修,C,,,延安西路1118号长峰大厦106室(近番愚路),021-32170869&nbsp;13764508892,,电话咨询24小时开通 营业时间：上午8：30至下午21：00
221,利优联合设计中心,http://home.ddmap.com/company-2184-2.htm#dp_alL,,装修,C,,,中山西路179号11楼,,,全天
467,梁玛设计,http://ld588sh08.gc.alighting.cn/,"酒店照明,店铺照明,建筑照明,夜景照明,办公照明,娱乐照明,博物馆照明",装修,C,,2002年,桃林路18号环球广场B幢2301-02室(近昌邑路),021-50282465,,9:00---19:00
278,林庆装潢网,http://hyynhznjkkl.b2b.youboy.com/spjs.html,"新房二手房,翻新刷墙改造,办工楼装修,门面厂房,毛坯房装修,学校,家庭装修,发廊装修",装修,C,,2001年,天山路118号(近动物园),021-52180783,,每天7点------21点
246,隆域建筑,,室内装饰设计及施工 绿化工程 企业形象策划 展览展示服务 水电暖通配套安装 电脑打印 晒图复印 建筑装潢材料 五金 灯具 金属材料 木材 广告材料的销售（涉及许可经营的凭许可证经营）＊,装修,C,,2003,天山路200号2楼,,,
309,绿通环保装修专家,http://www.shltzh.com,装修协会会员,装修,C,,,东方路1381号兰村大厦6楼B、D座(近蓝村路),021-50397668,电话:021-50397668,9:00~19:00 节假日不休息
527,洛克装潢,,上海沪枭装潢设计有限公司（原洛克装潢），主要经营酒店套房、办公楼、商务楼、企事业单位,装修,C,,,康弘路428号(近周浦公园),021-61994580,,9：30-17：30
289,美空装饰设计,http://jiatx.com/bang/companyinfo1350/,是一家专注于室内环境设计的专业型设计机构。,装修,C,,2003,延安中路535弄7号,021-54657806&nbsp;4008202865,,9:00-21:00
895,思宁装潢,http://siningzhuanghuangsh.ce.c-c.com/, 上海思宁装潢设计有限公司 位于 上海市杨浦区，主营 室内外装潢设计及施工、装潢的五金建材 等。公司秉承“顾客至上，锐意进取”的经营理念，坚持“客户第一”的原则为广大客户提供优质的服务。欢迎惠顾！  ,装修/设计,C,,,霍山路723号(许昌路长阳路间),021-65128682,,
714,苏心装饰,http://www.suxinzh.cn/,上海苏心装饰工程有限公司是以设计、开发、服务为一体的专业装饰公司。主要经营酒店、办公楼、商务楼、别墅、门面房、住宅等设计装饰。欢迎广大客户前来我公司参观指导。,装修/设计,C,,,中江路1043号,021-32232017,,08：00-20：00
182,随一装饰,,上海随一装饰工程有限公司是一家建筑、建材的企业，是经国家相关部门批准注册的企业。主营 装修装饰、各类家装建材，公司位于中国上海上海市徐汇区中山西路2006号401室。上海随一装饰工程有限公司本着“客户第一，诚信至上”的原则，与多家 企业建立了长期的合作关系。热诚欢迎各界朋友前来参观、考察、洽谈业务。,装修/设计,C,,2009,宜山路439号七建大厦1120室(中山西路口),021-60489089,,24小时营业
670,泰彬建筑装饰工程,http://yumaohai.diytrade.com/,"上海泰杉装饰设计有限公司,公司成立之初，就致力于公共空间、私人空间的装潢设计，历经多年的发展，现已发展 成为上海一家颇具实力的专门从事写字楼、工厂办公装潢、私人空间的装潢以及设计的专业公司，为客户提供装潢整体解决方案（Total Solution）。在岁月的流逝中，上海泰杉装饰设计有限公司凭借先进的管理方法、服务理论、设计思想、技术手段以及强大的资源整合能力，逐渐在装潢设 计这个行业中独树一帜。",装修/设计,C,,,祁连山南路2698号(近轻纺市场),021-52795796,,
689,泰杉建筑装饰设计,http://www.ts-sj.com/Home.asp,上海泰杉装饰工程设计有限公司，公司成立之初，就致力于公共空间、私人空间的装潢设计，历经多年的发展，现已发展成为上海一家颇具实力的专门从事写字楼、 工厂办公装潢、私人空间的装潢以及设计的专业公司，为客户提供装潢整体解决方案（Total Solution）。在岁月的流逝中，上海泰杉装饰设计有限公司凭借先进的管理方法、服务理论、设计思想、技术手段以及强大的资源整合能力，逐渐在装潢设 计这个行业中独树一帜。,装修/设计,C,,,新郁路846弄56号403室(近国际鞋城),021-69106706,,8:00-5:30
245,维银装饰设计,,上海维银装饰设计工程有限公司位于上海，主营家庭装潢、工程装潢等。公司秉承“顾客至上，锐意进取”的经营理念，坚持“客户第一”的原则为广大客户提供优质的服务。,装修,C,,2009,武夷路672号2楼(凯旋路口),021-52730875,,9：00--18：00，经理电话为：13002177802
64,五凹设计,,五凹国际设计是近几年来在装饰界迅速崛起年轻的新锐设计工程公司，主要从事中高档公寓房、别墅、美容美发店、办公室内及酒店宾馆空间设计及装饰配套工程的施工服务。,装修/设计,C,,,宜山路515号博库书城一号楼9楼H座(钦州路小闸镇街),021-64363989,,9：00--18：00
170,伍厘米设计装饰,,伍厘米装饰公司成立于2009年，公司核心业务围绕住宅产业提供上下游不同层次的设计及系统完善的管理服务。公司聚集着经验丰富，且年轻才华横溢的设计创造团队；认真负责，且施工工艺优良的施工队伍。他们拥有更多才俊大胆、细致、充满活力的设计作品迎合了业主的需要。从别墅、居室到商业空间，我们以一流的设计团队、素质精良的施工队伍，完善的服务体系与整体实力赢得了业界的良好口碑及市场认可。,装修/设计,C,,2009,漕溪北路468号宏汇大厦6楼E座(近蒲汇塘路),021-64689861,,9:00---17:30
542,贤和装饰,,上海贤和建筑装饰工程有限公司；是一家专业从事工装和家装的室内装饰公司，公司从2005年成立至今，承接了大小数百项工程，贤和人本着“以诚为本，以信为荣，朴实无华”的经营理念，处处考虑消费者利益，精雕细琢认真完成每一件工作，贤和人在这十年中，即锻炼了一支技术精湛的装潢队伍，又完善了全程严密质量监控的管理制度，同时在强手林立的装潢业中脱颖而出，获得了荣誉，赢得了赞扬，自公司成立以来，没有发生一起用户投诉事件，用户的信任是给予我们最高的奖励。 贤和公司现在已经成长为实力雄厚的正规企业，公司有一支可以满足各种需求的设计队伍，其中有美院高级设计师和来自同济的前卫设计师群，可以根据用户的个性融入设计师的创意，努力实现人与环境的完善结合，为每一位用户量身定做一个舒适、温馨、健康的生活工作空间。公司有严格的合同实施、原材料检查、质量验收及安全操作制度，使施工的每一环节得到控制。公司努力做到低价格、高品位，抱着宁可少做几家，决不滥做一家的宗旨，坚持踏踏实实为用户服务。,装修/设计,C,,2005,川周公路4058弄44号(近沪南公路),15900483877,,7：00——22：00
49,萧氏设计,http://www.xssj.com/about,"上海萧视设计装饰有限公司（简称萧氏设计）成立于1998年的上海，前身是萧氏设计工作室，由多位中国高级建筑室内设计师，高级工程师及艺术家组成的才德兼备的专业团队。

公司是一个集室内设计、环境设计、建筑设计、工程施工、软装饰设计等一体化的综合性专业设计公司。",设计,C,,1998,凯旋路3558号(近华亭宾馆),021-64640281,,9:00AM~17:30PM
163,星木装饰设计,http://shinemoon.china-designer.com,星木设计，为高端豪宅样板房、高端豪宅别墅及高档商业空间的室内环境缔造者，多位资深设计精英的紧密合作更加契合高档业主需求，坐拥建筑规划、空间设计、软装美学背景，集装饰设计、风水设计、家居软装设计、装饰施工为一身。,设计,C,,2010,宜山路515号1号楼7A室(钦州路小闸镇街),021-64519588,,9：00--18：00
899,星洋装潢,http://www.xingyangzs.com/,上海星洋装潢设计有限公司自创建以来经过不断的摸索和发展，已经在市场上享有一定的口碑，现公司拥有许多优秀的设计人 员和管理人员，另配备有高水准的施工队伍，使设计师的构思得以完美的体现，公司在提倡诚信的同时，主张要以新颖的设计，精湛的施工，优良的管理，创作出雅 致精美的作品，公司本着“以诚为本”的经营宗旨保持学人本色！,装修/设计,C,,,三门路314号(进国权北路),021-55033936,,8：00——19：00
519,雄愈装饰,http://jiatx.com/bang/companyinfo3037/,上海雄愈建筑装饰工程有限公司成立于2003年，主要以承接星级酒店、高档会所、展览等商业空间和公共空间的设计、施工及配套工程，家庭事业部主要以承接 别墅和中高端公寓的设计施工，我们拥有成熟的集设计、施工、家具定制、后期软装配饰为一体的家居私人服务体系，为家庭装修客户提供更加便捷、全面、周到的 高品质服务。,装修/设计,C,,2003,浦东俱进路90号2号101室（靠近五洲大道）,021-33841773&nbsp;67221181,,9:00-18:00
782,涯光建筑装饰,www.yg-zh.com,上海涯光建筑装饰工程有限公司以明确的“安全、环保、节能、美观、舒适、方便”的服务定位，服务千家万户；以“平实、用心、专注、坚持”的服务信念来回报 客户，引导消费；以客户的“需求顺序”作为装潢消费的侧重，千方百计地为装潢业主提供专业的“对接服务”，并不断强化服务力度与实际效果的总体和谐与均 衡；在实际操作中，以客户的真实需求意愿为主，提供服务时有所侧重，以满足各种各样的个性需求,装修/设计,C,,2000,共和新路3737号B栋614室(场中路口),021-60761593,,9：30—17：30
237,雅鼎建筑装饰,," 上海雅鼎建筑装饰设计工程有限公司，公司拥有专业装饰设计和施工的两个专业工程部门,主营室内外空间环境的规划、设计与施工,公司拥有众多来自同济大学、上海大学、中央美院设计高等专业院校的设计师团队,以及前篱笆装饰巨头炎龙装饰的设计精英。",装修/设计,C,,2010,定西路1277号长峰大厦601室(近中山公园),021-60516729,,早上7点至晚上8点
703,雅赞装饰,,雅赞建筑装饰工程有限公司创建于2003年6月，公司总部于2006年7月迁至上海。主要从事风景区规划、城市公共空间、绿地系统规划、住宅和商业景观、 景观标识、环境提升、旧城改造、工业与科技园区、酒店与度假村、豪宅、别墅、样板房、展示空间至后期家具、配饰陈设的设计与施工。,装修/设计,C,,2003,交暨路185号兴远科技大楼1号楼7楼B座(近7号线新村路地铁站),021-60736726&nbsp;60736727,,周一至周五  9:30 - 17:25
405,业乐福装饰工程,,"上海业乐福装饰工程有限公司，近年来坚持深化林场改革,改变单一经济,实行多业并举,逐步走出了经营田境,步入健康发展的执道。目前公司现有一批优秀专业技术人，热情欢迎各位光临指导，本公司以城信，双赢为理念，销售优质的产品，提供先进的技术并力创一流的服务。",装修/设计,C,,2003,向城路29号爵士大厦B-31B号(近东方路),021-68670507&nbsp;68670517,,周一到周六  8:30-18:00
541,缘新装潢,,作为上海市装修协会会员单位及理事单位之一的本公司，积极主导“以人为本”的装饰理念，在设计思路、付款方式、管理体系、售后服务等诸多领域中努力探索、勇于攀登、奋力摘取装饰业的明星。为社会的安定，家庭的温馨，居家的清新尽一份微薄之力来报答社会对本公司的厚爱和关怀。,装修/设计,C,,,菏泽路210号,021-50255090,,
116,云裳室内设计,,简易风行设计工坊成立于2007年，旗下品牌“风行|零域”代表着一个富有想象力与创造力的专业室内设计团队，我们爱玩，我们喜欢新鲜事物，我们热衷于室内创造，每一个空间我们都在寻求新的灵感，每一位业主都是我们共同创造的伙伴。,装修/设计,C,,2003,天钥桥路909号1号楼2楼(近中山南二路),,,http://decoplus.com.cn/
522,韵阁装潢(长青路店),http://www.yungezs.com/,"上海韵阁装饰设计、施工、监理为一体，专注于新老房翻新，复式、,别墅,办公场所的设计与施工，为业主提供装修，设计、选材施工、软装搭配的全方位服务。
韵阁装潢，坚持每道工艺、每立方用材，都实行专业标准、专业管理， 坚持创新、精益求。",装修,C,,2003,长清路1789号(近西新港菜市场),021-51998958,,早上6点--晚上11点
533,韵阁装潢(菏泽路总店),http://www.yungezs.com/index.php?_m=mod_static&_a=view&sc_id=2,"上海韵阁装饰设计、施工、监理为一体，专注于新老房翻新，复式、,别墅,办公场所的设计与施工，为业主提供装修，设计、选材施工、软装搭配的全方位服务。
韵阁装潢，坚持每道工艺、每立方用材，都实行专业标准、专业管理， 坚持创新、精益求。",装修,C,,2003,荷泽路418弄64号(近博兴路邮局),021-50261917,,24小时服务
906,韵阁装潢(周家嘴路店),http://www.yungezs.com/,"上海韵阁装饰设计、施工、监理为一体，专注于新老房翻新，复式、,别墅,办公场所的设计与施工，为业主提供装修，设计、选材施工、软装搭配的全方位服务。
韵阁装潢，坚持每道工艺、每立方用材，都实行专业标准、专业管理， 坚持创新、精益求。",装修,C,,2003,周家嘴路3115号(近源泉路),021-33629881,,早上7点——晚上10点
329,兆庭装饰,http://www.zh-t.cn/,"兆庭, 发源于台湾，2009年在中国内地上海注册『上海兆庭装饰工程有限公司』品牌。",装修,C,,,浦建路145号强生大厦1101室(近东方路),021-50203969,,9：00——18：00
327,臻茂装潢,,上海臻茂建筑装饰工程有限公司成立于2002年，系上海市家庭装饰协会会员单位，上海市家庭装饰工程质量20万质保金成员单位，具有装饰企业三级资质证书，专业从事中高档住宅、商铺、写字楼的装饰设计与施工。,装修/设计,C,,2002,东方路1523弄金龙花园1号18B室(近蓝村路),021-58391661,电话:021-58391661,9:30--22:00
892,知然设计,http://www.zhiranzs.com/,,装修/设计,C,,2002,上海杨浦区长阳路999号商务楼305室（公司总部） 上海南汇航头路600号（浦东新区分部）,021-38252656,,9:00--19:00
334,知贤装饰设计(华都大厦店),,上海知贤装饰设计有限公司，一家以“正派经营”为核心价值观的公司；一家“想装修者之所想，急装修者之所急”，致力于为装修者解决实际问题的公司；一家不断开拓进取，致力于成为整体家居集成系统领导者的公司。,装修/设计,C,,,张杨路828-838号华都大厦28楼(近崂山路),,,
631,知贤装饰设计(尚诚国际店),,上海知贤装饰设计有限公司，一家以“正派经营”为核心价值观的公司；一家“想装修者之所想，急装修者之所急”，致力于为装修者解决实际问题的公司；一家不断开拓进取，致力于成为整体家居集成系统领导者的公司。,装修,C,,,曹杨路505号尚诚国际大厦12楼,021-62576919,,9:00-18:00
26,至纯装饰设计,http://s.leho.com/82811/intro,在上海二手房市场里，极具影响力，数年来，已经装修过近1000套二手房，赢得了客户好评。,装修,C,,,宜山路515弄2号楼23ABC(近中山西路),021-54971286,,AM9:00-PM6:00
765,著峰装饰,,"上海著峰建筑装饰工程有限公司是一家集设计与施工为一体的专业化装潢企业，始终坚持“诚信经营，服务至上，不断创新，以质取胜""的经营理念。",装修/设计,C,,1993,沪太路1174号(灵石路口),021-56096219,,
707,筑叶经典装饰,,上海筑叶装饰设计有限公司，是上海市装饰装修行业协会会员单位。更是一家从事中高档室内外装潢的优秀工程公司。公司拥有一支设计新颖、风格独特、技术一流的设计师队伍，善于把握客户的生活品味，充分利用居室空间。,装修/设计,C,,,新村路350弄34号(近同济医院),021-56375715,,09:00-17:00
726,子洋建筑设计,,,设计,C,,,莫干山路50号3-204号(近昌化路),13816111802,,9：00--18：00
669,梓相工程管理,,上海梓相建筑工程管理有限公司监理部由程洪声老师带领的程老师监理团队以“事前预告、事中检测、事后总结”的原则来监督、管理施工现场。,监理,C,,,铜川路185号金盛国际家居内,021-52241375,,09:00-17:00
910,鄂尊装潢,,专注于室内装饰设计,装修,C ,,,殷行路253号,021-65244689,,
83,凡陆创意设计,,注重创意的一家室内设计公司,装修,C ,,,平江路273弄6幢02号(近肇家浜路地铁站2号口),021-34692298&nbsp;34692296,,周一-周五：9:00-18:00
894,九分装潢设计,,无,装修,C ,,,黄兴路1810号4楼(近五角场),15002183536,,早8点到晚6点
480,九间伴装潢,,无,装修,C ,,,杜鹃路157号(近玉兰路),021-50591206,,746 浦卫线 451 等
260,觉艺空间设计,http://goodwjs123.xiaomi001.com/,上海觉艺室内设计工程有限公司旗下以设计核心的装饰品牌，与本公司旗下以工程为核心的“维加饰”品牌相得益彰。,装修,C ,,,延安西路1118号长峰大厦601室(近番愚路),021-51099595,,9：00--18：00
648,360装修宝,http://www.360zxb.com/,定位为装修行业的支付宝，是竞争对手不是客户,,,,,中山北路1737号浦发财富广场A108室(近光新路),021-61179395,,周一至周日早9：00——晚20：00
179,American Standard(宜山路旗舰店),,国际卫浴大品牌，只卖家具，不做装修,,,,,宜山路395号(近宜山路三号线站),,,
184,Cchothy In Design,,做平面设计的公司…,,,,,老沪闵路1290弄华建小区二街坊36号(近朱梅路),13916718068,,
76,COCON DECOR,,做软装设计的公司,,,,,安福路308号103室(近武康路),021-64150262,,11：00-21:30
771,FOTN富勋,,一个建材品牌,,,,,江场西路300号1座203室(近大润发),021-51879550,,9:00-17:00  周末休息
675,GWEN DESIGN,http://www.gwendesign-china.com/,"专做酒店,餐厅设计的机构",,,,2006,宜昌路751号E仓A203室,021-51752773,,
300,HBA,http://www.hbachina.com.cn,做城市规划和景观设计的公司,,,,,常德路800号9号楼2楼,,,
287,Paustian,,丹麦办公家具品牌,,,,,淮安路668号1C室(近西苏州路),021-61732732,,9:00-18:00 周一至周五
105,Tiles & Beyond艺术瓷砖精品店,,进口建材品牌,,,,,永福路47号101室Natural 47(近复兴西路),,,地铁1&7号线 常熟路站， 926，911 
176,Windy的色彩整体软装,,纯软装设计,,,,,宜山路515号博库书城1号楼6C,021-64703720,,9：30~18：30 
770,爱康管业,,建材经销商,,,,,恒业路388弄10号101室(近东宝兴路),021-56326503&nbsp;56984828,咨询热线:400-881-5168,周一至周日 8：30——17：00
837,爱康管业,,建材经销商,,,,,恒业路388弄10号101室(近东宝兴路),021-56326503&nbsp;56984828,,周一至周日 8：30——17：00
600,爱正室内装饰监理,,监理公司,,,,,汉口路515号汇金大厦902室(近福建中路),021-63224118,,
737,傲盛冷暖,,建材公司,,,,,真光路1258号百联中环大厦B座905-907室,021-62682652;62682653,,早上9点至晚上5点半
251,奥黛丽丝(北虹路店),,家具店,,,,,北虹路1068号好美家4楼B09室(近天山西路),13761194140,,周一~五 9：00-5:00 周六~日 9：00-6：00
434,奥黛丽丝(金高路店),,家具店,,,,,金高路1296弄161号好美家金桥店A03室(近卜蜂莲花),13761194140,,周一~周五9:30~5:00
913,八爪个性图鸦地板,,建材经销商,,,,,翔殷路1000号春申江家具城3楼C-8商铺(近大西洋百货),021-65512007,,10:00-18:00
131,百意厨,,厨具公司,,,,,凯旋路2588号兴力达国际装潢城B-3011(近地铁3号线宜山路站),021-64810780&nbsp;68063620,,9：00-18:00 
412,办公室装修设计,,办公室装修设计,,,,,上南路1100号(昌里路口),021-51384452,,
291,宝富丽,,家居专卖,,,,,南京西路1618号久光百货内(近静安寺),,,15、20、37、40、57、76、94、830、837、838、地铁2号线静安寺站
293,宝默建材,,建材公司,,,,,余姚路292号(胶州路余姚路),,,
679,本堂软装设计,,软装设计,,,,,交通路1565号通联大厦1604室(近中山北路),021-56088834,,
565,布格展览装潢,,会展装潢,,,,,芳华路932弄35号(近龙阳路),021-61555586,,
548,超享智能科技,,,,,,,临沂北路255弄12号302室(近巴黎春天),021-60526596&nbsp;13916398752,,8:00到22：00
223,窗帘成品处理,,家居专卖,,,,,武夷路690弄(近龙之梦),13501969861,,地铁2、3、4号线，中山公园地铁站旁边，还有相当多的公交车线路。
711,创意梦工坊,,,,,,,枣阳路520号,15121014961,,9点到22点
666,大端家居,,家具专卖,,,,,真北路红星美凯龙南馆3楼C8180(金沙江路),021-34696591,,9：30﹣17：30
544,大严小严建材,,建材专卖,,,,,三航路92号(近济阳路),021-50827669,,早上7点-晚上11点
661,德灯信息技术,,,,,,,长寿路97号世纪商务大厦13楼(近陕西北路),021-31196548,,9:00-17:30
151,德国洁水,,洁水设备专卖,,,,,虹桥路1号港汇恒隆广场1座908室(华山路口),021-64073666,,10:00 – 22:00
724,帝王红木,,红木家居专卖,,,,,武宁路959号(近星港二期),,,
122,谛艺办公室装潢,http://1975100.diytrade.com/,办公室装修设计,,,,,石龙路99号(东泉路石龙路),021-51872109,,
583,典匠家具装饰设计,,办公室装修+家具设计,,,,,成山路2008弄,13801918824,,
73,东宝榻榻米,,榻榻米专卖,,,,,凯旋路2588号兴力达国际装饰城3楼3A042号(近宜山路地铁站),021-64392201&nbsp;4008202670,,9：00~18:00 无双休节假
32,多玛多整体橱柜(宜山路店),http://domadosh.com/index,橱柜专卖,,,,,宜山路408-3号(近凯旋路),021-64281611,,9:00~18:00
158,梵特斯墙纸,www.fantesi.net,主要经营进口高档墙纸、壁纸,,,,,宜山路436号科拉胜建材市场(近地铁宜山路站),,,9:00-18:00
299,放心装潢(愚园路店),,,,,,,愚园路608弄,18301777140,,9:00-21:00
504,飞鸿装饰,,,,,,,金桥路256号(金桥路浦东大道),,,上午八点到网上四点
106,飞鸟设计,,,,,,,上中西路855弄13号901(近虹梅南路),021-62766120&nbsp;64765580,,早上9：00-下午：6：00
100,菲隆装饰设计,,,,,,,宜山路436号科拉胜建材城5楼(近光启城),021-60298155&nbsp;4000520277,,周一至周六 9:30-17:30
790,汾西家具总部,,,,,,,汾西路630号(近岭南公园),13472465050&nbsp;18801830526,,早上8点半-晚上6点半
154,风行装潢,,,,,,,牛家浜路123号(漕溪北路南丹路),,,
99,复久修复工匠,,,,,,,番禺路801弄11号-1(近交通大学),021-54046911,,10:00——18:00
605,港宁装潢,,,,,,,永寿路85号金陵商厦B座504室,,,
183,高进装潢设计,,,,,,,宜山路508号景鸿大厦7楼E座,,,8：00----21:00
674,高氏设计(中山北路店),,,,,,,中山北路2052号振源大厦1501室(近镇坪路地铁站),021-32529890&nbsp;32529860,,早上9点到晚上20点
135,亘鑫建筑装饰,, ,,,,2006,宜山路520号(近中山西路),021-31338256,,
925,宫曦装潢,,,,,,,平凉路1775号(近临青路),,,
162,固达辅料,,,,,,,南丹路(近宜山路),,,早上8点到晚上8点
397,固豪空间设计屋,,,,,,,凌兆路88弄8号楼301(济阳路),021-50847732&nbsp;50825356,,
734,固友金盛家具,,,,,,,铜川路(近岚皋路),,,
733,广日地板(红星美凯龙店),,,,,,,真北路1208号红星美凯龙,021-62215325,,09:30-18:00
524,广誉建筑装潢,http://shop.ebdoor.com/Shops/1510592/,,,,,,尚博璐723号(近东明路),021-33928137,,专车接送热线：33928137
134,桂林科技园,,,,,,,桂平路333号(近漕宝路),,,
45,桂隆装饰,http://www.guilongzs.com/,,,,,,宜山路515号环线大厦2号楼17楼F座,021-54102960,电话:021-54102960,9：30-21：30（节假日正常上班）
556,海豚墙艺,,,,,,,东方路1361弄3号楼24B(近蓝村路),021-51093664,,9:00-18:00
140,汉纳家居,,,,,,,漕溪路198号好饰家G80号商铺,021-64697950,,
275,豪迈店铺装修装潢设计,,,,,,,天山路789号东座904室(近百盛商厦),021-62289768,,周一至周五 9:30-17:30
697,豪庭阳光房,,,,,,,古浪路177弄3号304室,021-57620293,,7.00——22.0
637,昊旺装潢,,,,,,,曹杨路2263号(近桃浦路),13818880318,,
307,和家,http://www.51hejia.com/,,,,,,宜山路439号,021-567890123,,地铁3、4、9号线
934,恒鼎装潢,,,,,,,控江路1464号,,,
4,红门建筑装潢,,,,,,,南昌路145号(近茂名南路),021-62535185,,
177,红炎贸易布艺部,,,,,,,漕溪路198号1号2楼J21号,021-64277823&nbsp;13801813130,,
101,宏康监理,,,,,,,文定路199号徐汇商务大厦2519室(近宜山路),13301872228,,10:00到22:00
330,鸿鹄设计(浦东店),,,,,,,张杨路188号汤臣中心B栋1902室(近浦城路),021-63176080,,公交818路，86路，轨道交通二号线、四号线、六号线、九号线
21,鸿鹄设计(徐汇店),,,,,,,南丹东路238号20楼A座,021-64157969,电话:021-64157969,9：30-18：00周二休息
908,鸿兰装饰设计,http://www.china-designer.com/home/50388_3_214536.htm,,,,,,国权北路(国权北路青石路),,,
120,鸿桥装饰,,,,,,,龙瑞路128弄18号(近龙吴路),021-33682576,,
568,花草之语,,,,,,,东靖路745号,,,
608,华城装饰,,,,,,,永寿路85号金陵商厦B座503室,,,
130,华唐设计装饰(蒲汇塘路店),,,,,,,蒲汇塘路200号申航大厦6楼(近宜山路),021-64286299,,24小时
477,划云建筑装饰工程(东方路店),,,,,,,东方路1616号(近蓝村路地铁站),021-50909492,,
667,划云建筑装饰工程(普陀店),http://www.hyzs.cn/,,,,,,顺义路18号绿地同创大厦1605室(近曹杨路),021-52363597,,
234,辉子装潢,,,,,,,新径一村160号,,,24小时
325,汇捷装饰,http://www.huijieanju.com,,,,,,东方路1361号24C海富花园(近蓝村路),021-38420238,电话:021-38420238,周一到周日9：30---18：00
651,慧家网,http://huijiawang.b2b.youboy.com/,,,,,,中山北路(近岚皋路),021-52718618,,24小时在线
582,慧实精公装,,,,,,,浦东南路1558号(近佳泉便利店),,,
235,慧颖设计装饰,,,,,,,中山西路179号虹桥世家花园商务楼11楼(近长宁路),021-52735157,,9:30~19:00
258,火凤凰装饰设计,,,,,,,武夷路418弄1号楼904(安西路长宁路),,,
626,绩多装饰设计(铜川路店),,,,,,,铜川路185号金盛商务楼11号306室(近岚皋路),021-52241230&nbsp;52241590,,上午8：30——下午17：30
719,吉隽装饰,,,,,,,真北路988号创邑金沙谷2号楼328室(近金沙江路),021-61313589,,9:00-18：00
735,吉美装潢(普陀店),,,,,,,金沙江路2820号(近丰庄路),021-52709598,,9:00-17:30
355,吉美装潢(秀沿路店),,,,,,,康桥镇秀沿路827号(近康沈路),021-58116817,,
368,吉美装饰(东方路店),,,,,,,东方路1381号兰村大厦13楼A/B座(蓝村路口),021-58395839,,地铁4/6号线 蓝村路站2号口出来即到
376,吉美装饰(张江店),,,,,,,张江路665号503室,,,
595,集盛室内装潢,,,,,,,尚文路133弄39号201室(中华路蓬莱路间),15618286388,,
490,几何广告,,,,,,,锦和路99弄绿城广场43号(近杨高南路),021-50456375,,
58,佳得安空气净化,,,,,,,中山南二路440号中粮大厦1703室,021-64160202,,
107,佳典装潢设计,,,,,,,漕宝路2号(近沪闵路),021-54483911,,
575,佳和广告,,,,,,,佳林路103号(近金高路),021-50310361,,9：:00---21:00
795,佳纳家饰礼品,,,,,,,洛川中路1158号名仕街B2号楼428室(近沪太路),56539306-822,,AM:9:00-PM:18:00
419,佳艺灯饰,,,,,,,杨高南路4099号东明灯具城(近板泉路),021-50855019,,早上8：00-晚上17：50
273,家居装修顾问中心,,,,,,,长顺路36弄紫勋雅苑6号302室(近虹桥路),15121056870,,10：00-18:00
272,家具维修,,,,,,,上门维修服务,021-62740800&nbsp;4006131016,,
178,家丽雅室内设计,,,,,,,裕德路168弄1515室(近文定路),021-34250550,,AM9:30-PM8:30
46,嘉捷缪斯建筑装饰设计,,,,,,,漕溪路165号华谊党校2楼(近田林东路),021-64687221,,早9点-晚6点
284,简简,,,,,,,中山公园附近,021-88235544,,
546,江南门窗,,,,,,,凌河路596号(近杨高北路),021-50258884&nbsp;13918283598,,全天吧
195,蛟海工程,,,,,,,宛平南路(近漕溪北路),021-64051779,,24
197,蛟海工程,,,,,,,斜土路(近文定路),021-64051779,,24
301,蛟海工程,,,,,,,南京西路(近江宁路),021-64051779,,24
392,杰建装潢,,,,,,,五莲路201弄39号102室(近莱阳路),,,
433,杰申设计装饰(浦东店),,,,,,,张杨路3082号(近居家桥路),4008201326&nbsp;50712225,,
74,杰申设计装饰(徐汇店),http://www.shjieshen.com,,,,,,漕溪路165号华谊党校305室(近田林东路),4008201326&nbsp;54131941,,上午9点-下午6点
147,杰雅室内装饰设计,http://www.shjieya.cn/,,,,,,蒲汇塘路123号6楼BC座(近宜山路),021-61130289,,
461,金诚风水装潢,,,,,,,崮山路162号(近栖山路),,,
691,金点艺术设计,,,,,,,宜昌路751号E仓创意产业园区D2栋(近常德路),021-51751000,,9：00——17:30
767,金昕装饰设计(共和新路店),,,,,,,共和新路5308弄66号201室(近好美家),021-56818619,,
459,锦观装潢,,,,,,,塘桥路217号(近塘桥新路),,,
659,锦豪专业办公室装修,,,,,,,陕西北路1438号财富时代大厦内(近长寿路),021-55963751,,
664,锦途艺术装饰,,,,,,,长寿路800弄(近武宁路),021-52351720,,
388,瑾澜整体软装,,,,,,,浦东南路1558号(近潍坊西路),021-50318099&nbsp;15800486514,,9：00-17:30
261,京琼装饰,,,,,,,长宁路(江苏路口),13482325922,,8AM到8PM
242,京钰装饰设计,,,,,,,延安西路777号502室(近江苏路),021-62266689,,9:00--18：00
623,晶华造花,,,,,,,金鼎路1500号恒盛国际花博中心2210室(近祁连山南路),021-52305298,,am0900~pm0600
324,晶空间,,,,,,,浦东南路2157弄11楼B座(近浦澳路),021-50892933,,
339,境远幕墙,,售卖建材,,,,,东方路1381号蓝村大厦27楼E座(近东方路),,,
113,居泰隆装饰,,实体家居在线网站,,,,,龙华路2577号40栋(近龙华寺),,,
590,君严门窗装潢,,,,,,,绿林路235号,,,
61,凯尼门窗,,,,,,,凯旋路2588号兴力达国际装饰城西区2楼A2-025(近宜山路),021-64392132,,9点到6点（双休日不休）
136,康新设计,,商业、办公和医疗空间设计,,,,,龙华西路545号2楼乙座(近麦乐迪),021-64640538,,周一至周五，08：30～18：30
692,珂魏道具,,展示柜专卖,,,,,中山北路2911号(近曹杨路),021-61076480,,早九点-晚九点
53,蓝月建筑装饰,,,,,,,宜山路439号七建大厦(近中山西路),021-64688100,,周一至周日  早9点----18点
441,蓝月设计装饰,,,,,,,沪南路2581弄阳光大厦1号楼509室(近康花路),021-68061669,,
413,乐平装修装饰(德平路店),,,,,,1999年,德平路98号3楼(博山东路口),021-50935971,,9:00--18:00
499,乐平装修装饰(人民西路店),,,,,,1999,人民西路966号欧尚对面(西乐路口),021-50935971,,9:00--18:00
479,乐廷墙绘工作室,,,,,,,南泉路1200弄6号,,,119路，787路，4号线地铁兰村路
741,垒阳空间设计(共和新路店),http://www.leiyangzh.com,,,,,,共和新路3088号祥腾财富广场7号1003室,021-36521658,电话:021-36521658,"9:30-17:30 为了更好的服务,请提前电话预约 021-36521658,谢谢配合!"
127,磊磊图文设计制作,,,,,,,桃江路25号(近衡山路),,,9；30-20；00
88,篱笆家居体验中心,,,,,,,宜山路889号1号楼(近桂平路),021-60907888,,9：00~17：30 节假日正常营业
193,里奥纳多达芬奇,,,,,,,宜山路395号欧雅广场2楼,021-64281581,,
451,丽之星壁纸(沪南店),,,,,,,沪南路2178号红星美凯龙2楼B8133、B8137号铺,021-20257126,,9:00-18:00
40,砾科L&K设计工作室,,,,,,,中山西路1919号北科大厦B座1210室(近宜山路),021-61132253&nbsp;13817591360,,9:00~18:00
517,梁师傅百顺装修队,,,,,,,南码头路1521弄(近昌里路),18721517267,,7*24小时
708,梁园家具,,,,,,,沪太路315号华舟大厦18楼(近芷江西路),021-68319787,,9：00-5：00
593,灵格工作室,,,,,,,,18930369746,,全天
485,聆海装潢,,,,,,,张杨路500号华润时代广场11楼(近浦东南路),021-58368199,,9：00--18：00
630,零点装潢清包网,,,,,,,曹安路1781号813室,021-60640409&nbsp;4006687009,,9.00--5.30
181,零零设计,,,,,,,宜山路520号中华门大厦1007室,021-60318876,,9—18
501,刘昌建筑装饰设计,,,,,,,东方路1363号海富花园3号楼22楼C座(近蓝村路地铁站1号门),021-50399986,,每天的9:00-----17:30
604,龙发装饰(人民广场旗舰店),,,,,,,西藏中路66号人民广场,4008086655,,9:00-21:00
395,龙发装饰(张杨路店),,,,,,,张杨路1518号,4008086655,,9:00-21:00
104,龙发装饰(肇嘉浜路店),http://www.longfa.com.cn/,,,,,,肇嘉浜路1065甲号飞雕国际大厦808室,4008086655,,9:00-18:00
164,龙惠塑钢铝合金装潢部,,,,,,,柳州路171号(近冠生园路),021-64831576,,6：00——22：00
594,龙旗装饰,,,,,,2003,浦建路145号强生大厦803室,,,
756,龙香空间设计,,,,,,,江场西路160号6楼608-612室(城大建材对面),4000506690&nbsp;56030361,,9:00-22:00(双休日正常上班，全年无休)
290,龙族裱画配框中心,,,,,,,威海路590弄张园69支弄4号(近南京西路地铁站4号口),021-62150209,,24小时
483,隆畅设计装饰,,,,,,,浦东大道801号(近源深路),021-58799598,,
681,隆域设计,,,,,,,真北路2653号(近光彩市场),,,9:00-21:00
478,陆颖装潢设计,,,,,,,康佳路38弄29号1楼(近康达路),021-63085606,,9:00a.m～6:00p.m
574,绿师傅实木地板防潮专家,,,,,,,南六公路399号(近野生动物园),,,9：00-17:00
578,绿添装饰设计工程,,,,,,,沪南公路2581号阳光大厦3楼(近康桥路),18717945465,,早上8:00------晚上21:30
328,罗爵建筑装饰,,,,,,,东方路1365号5号楼16B(近蓝村路),021-50758696,,09：30—18：00
662,芒果设计工作室,,,,,,,曹杨路922弄(近花鸟市场),13917639621,,
415,茂华装潢(凌兆路店),,,,,,,凌兆路76号(近济阳路),021-50828701,,
408,茂华装潢(浦东南路店),,,,,,,浦东南路3009号,021-58750026,,
768,茂华装潢(旗舰店),,,,,,,中山北路403号(近西藏北路),021-36357228&nbsp;4000215090,,9：00----21：00
886,茂华装潢(松花江路店),,,,,,,松花江路1130号-3门面(近黄兴公园),021-55123208,400-021-5090,8：00-20：00
745,美立方宅饰,,,,,,,西藏北路605号兴中心创意园C座306号(近中兴路),021-66288332,电话:021-66288332,09:00-20:00
780,美旗装潢(共和新路店),,,,,,,共和新路1500号101-104室(近闸北公园),021-56036350,,
606,美旗装潢(金陵东路店),,,,,,,金陵东路483号甲(近浙江南路),021-63739011,,
410,美旗装潢(塘桥路店),,,,,,,塘桥路251号(近由由大酒店),021-68731983,,
486,美岩水泥板,,,,,,,耀华路215号2座5楼(近世博馆),021-58817896,,
932,门窗加工,,,,,,,政立路631号,,,
717,猛士画廊,,,,,,,真北路1108号红星美凯龙南馆4楼D8050号铺(近怒江北路),13701792202,,9:30-18:00
788,米兰春天灯饰,,,,,,,柳营路216号4幢2楼20号(共和新路柳营路),021-60942513,,
错778,施工队伍,,,,,,,宝昌路71号(近虬江路),021-56971325,,上午8点到下午5点
888,十里香装饰,,,,,,,荆州路334号荣广商务中心A区104室(近昆明路),021-51287948,,
错530,世豪彩钢板建筑,,,,,,,大洪墩(唐黄路口),,,
错174,手绘联盟,,,,,,,零陵路350弄5号(近东安路),13524668588,,"地铁4/7号线，公交49 ，50, 932, 733"
414,舒涵装饰装潢,,,,,,,鹏飞路426弄(近沪南路),13761544821&nbsp;4000518828,,08:30-------18:30
573,舒心装饰,,香香创立“十里香”就是为了测底颠覆装修市场的脏乱差，杜绝欺骗，让业主和装修服务人员能真正成为朋友，让客户不受预算，时间的困扰，根据客户的要求不断调整我们的服务标准，已心换心的贴心服务，希望十里香能真正做到十里飘香。,装修/设计,,,,东方路1381号兰村大厦22楼,021-64648828,,
399,舒轩装潢设计,,,,,,,浦三路159号302室(临沂路浦三路),021-51325121,,
错406,舒艺花店,,,,,,,灵岩南路856号(上浦路口),,,955976978
458,双羊装饰,,,,,,,凌兆路874-876号(近地铁6号线上南路站),021-50848267&nbsp;50847459,,7:00-21:00   双休日正常营业
653,顺达门窗,,,,,,,甘泉一村363号(近志丹路),021-56057238,,我们早上6点到晚上10点，可以随时电话联系
702,顺达五金加工店,,,,,,,甘泉一村213号(新村路志丹路),021-56057238,,6:30-22:30
476,思旭建筑装潢设计,,,,,,2000,张杨路2839号(近德平路),021-50280173,,
912,思旭建筑装潢设计(杨浦店),,,,,,2000,周家嘴路2275号(近许昌路),021-65017213,,周一~周日（9：00~19:00）全年无休
690,松致装饰设计,,,,,,,长寿路748弄湖南大厦内(近叶家宅路),021-31297781,,24H年终无休...
518,苏创装饰,http://www.shsuchuang.cn/,上海苏创装饰工程有限公司（网络监督品牌单位：上海装潢热线、上海装饰装潢网、上海12580装修招标网)，市装饰协会会员单位，国家建筑装饰施工叁级资 质，质量信用示范单位，绿色健康装潢定点检测单位，绿色家居环保施工推荐单位......成立于2002年6月，注册资金50万人民币。,装修/设计,,,2002,益江路549号(近地铁张江高科站),021-33921991,,7:30-19:00
374,苏河左岸(东方路店),,,,,,,东方路1523弄3号11C(近浦建路),,,
211,苏河左岸(凯旋坊店),,,,,,,凯旋坊(近汇川路),,,
29,随一设计施工频道,http://www.suiyizs.com.cn,,,,,,中山西路2006号甲座401室(宜山路口),15900508965,24小时投诉热线：021-64391059,全线提供24小时办公咨询服务
错632,索菲亚衣橱,,,,,,2003,澳门路168号月星家居内(近昌化路),,,801、76、105、68、830、206路
错472,太鲁厨房,,,,,,,周浦镇关岳路229弄107号401室,021-68118114,,
错464,唐宋布艺,,,,,,,南汇上南路7888号(近康沈路),13002159322,,
错680,唐韵墙绘,,,,,,,,18717741936,,全年午休
266,陶氏设计装潢社,,,,,,,天山路600弄同达创业大厦2912室(近地铁二号线淞虹路站),13764539694,,09:00~21:00
错2,陶相随,,,,,,,南昌路503号(近陕西南路),021-64660551,,
561,腾跃鸿仁装饰,,,,,,,赵高路1022号,,,7：00-19：00
错77,藤本地暖(古宜路店),,,,,,,古宜路23号科拉胜名品建材市场内,,,
错92,藤本地暖(凯旋路店),,,,,,,凯旋路2701号(近宜山路),,,
错161,缇香装饰艺术廊,,,,,,,复兴西路10弄4号205-207室(近淮海中路),021-34611351&nbsp;34611361,,年中无休 10am到7pm
463,天虹装潢,,,,,,,花木路(近浦建路),021-58334446,,
错141,天下无贼,,,,,,,南丹东路188号(近美罗城),6428911-805,,9:00——5:30
错704,天雄装饰,,,,,,,上海市江苏北路30号,021-66405153,,早上9：00~晚上18：00，公司网址www.tianxiong-sh.com
错545,天赢门窗,,,,,,,耀华路190号(近上钢新村),021-58455895,,全天24小时
132,天尊装饰设计,,,,,,,虹桥路550号503室(近番禹路),021-64474823,,早上9：00——下午19:30
347,添天装潢设计,,,,,,,浦东大道1139弄惠扬大厦6号702室(近海事大学),021-58213610,,9:00-20；00
638,田苗装饰,,,,,,,澳门路249号502-504室(澳门路昌化路),021-61810318,,
529,庭枫装饰,,,,,,,妙境路614号清流教育大厦403室,021-38683227,,9:00AM-17:00PM
错445,同福易家丽溢彩画艺手绘背景墙,,,,,,,杨高南路3303号同福易家丽1楼316A号铺(近恒德路),021-50785974&nbsp;13816546622,,9：30---17：30
919,同济欧菲施装饰设计,,,,,,,控江路1688弄19楼(近新华医院),021-68750971,,9：00-17：00
229,同继匠心设计,,,,,,,凯旋路166号凯旋坊6幢4楼(近龙之梦商场),021-52727225&nbsp;52728557,,周一至周六 9：00~17：30年终无休，周日和晚上来店资询可先电话预约
233,同学之家SOHO装饰,,,,,,,中泾路18弄1号502室(新潮路中泾路),021-62520029,,
502,统浩装饰设计,,,,,,,妙境路29号(华夏东路妙境路),021-58903303,,
437,统赫装潢,,,,,,,惠南镇文良街82号(近南汇文化中心),021-58010147,,09：00--21：00
792,涂亮装饰设计,,,,,,,汶水路480号(近原平路),021-56503181,,
929,拓新装潢,,,,,,,开鲁路206号,13501901878,,9-6点，无休假
264,万家涂料装饰,,,,,,,天山西路245号(近中环路),021-66505780,,
774,万家装修,,,,,,,共和新路4326号,021-56436187,,
268,王牌设计,,,,,,,延安西路1118号长峰大厦406室(近番愚路),,,
124,网音声学,,,,,,,钦州路100号,021-64360752,,家庭声学设计，录音棚。家庭影院声学设计
387,微图图片库,,,,,,,祖冲之路1505弄100号4007室(近张江路),021-50790533,,24小时网站服务，www.microfotos.com
520,韦奥纱窗,,,,,,,康桥工业园区(近康桥东路),021-68095594&nbsp;68095473,,
187,维伦丝,,,,,,,漕溪北路18号实业大厦20B座(近徐家汇),021-64271929,,
730,纬易水木印象,,,,,,,白兰路137号B座1901室(近曹杨路),,,9.30-18.30
175,卫栋装潢,,,,,,,漕宝路190号华林大楼5楼(漕宝路虹莘路),,,
377,窝屋家装潢,,,,,,,上南路1489号(近成山路),,,
603,我要装潢网,,,,,,,新闸路218号801室(近黄河路),021-33060083&nbsp;53750869,,9:00 - 17:30
409,五代十国空间设计,,,,,,,年家浜路437号万达广场(近沪南公路),,,
748,五间堂装饰,,,,,,,真北路8991号楼106室,021-61526994,,
232,五堂宅修(安化路店),,,,,,,安化路419号(近定西路),021-32519925&nbsp;4008805010,,8:30~18:00
257,五堂宅修(长宁店),,,,,,,武夷路419号(近凯旋路),021-61846818,,8:00——18:00
331,五堂宅修(杨南路店),,,,,,,杨南路651号(近上南路),021-68323166,,地铁八号线杨思路站，地铁六号线上南路站
303,伍玛设计,,,,,,,武定路555号320室(近西康路),021-32517202,,9:30--18:00
470,喜景建筑装潢,,,,,,,金湘路333号爱力诚大厦15楼(金港路金湘路),021-51093033,,8：30~18:00
601,现代美术空间,,,,,,,南京东路66号(近四川中路),,,
186,萧荷设计,http://www.xiaohedesign.com/,,,,,,华石路58号A座4楼(近漕溪路),13816511871,,
5,小李柜台,,,,,,,永年路(近肇周路),021-53016320,,8:00-20:00
84,小叶设计,,,,,,,漕溪北路38号实业公寓25楼F座(近虹桥路),,,
672,晓月装潢,,,,,,,真光路1760号(近铜川路),021-52763893,,早8:00晚20:00
160,协诚门窗装潢部,,,,,,,罗城路651弄30号,,,
117,馨慧装潢,,,,,,2013,上海市徐汇区宜山路515号1号20层E-F座,021-64396792,,9：00--18：00
10,馨泰装饰,,,,,,2006,金陵东路569号汇通大厦19楼05室(近西藏南路),021-63865826,,
744,鑫城装饰,,,,,,,白兰路137弄1号绿洲广场A座1407室,021-62605752,,
763,旭益设计装潢工程,,,,,,,原平路280号(晋城路原平路),021-56053687,,
930,轩坊装潢,,,,,,,黄兴路1643号,,,
738,渲彩装饰,,,,,,,曹杨路505号尚城国际7楼,021-32516681,,
157,渲雅室内装潢设计,,,,,,,古宜路99号303室(近宜山路),13564115577,,10:00——21:00
79,雅丰建筑设计,,,,,,,钦州路785弄(华石路钦州路),,,
775,雅仕居装饰,,,,,,,共和新路3088弄祥腾财富广场9号楼11楼(近中环路),021-66300378&nbsp;66300379,,
241,亚星装饰设计,,,,,,,泉口路185号(近剑河路),13120681656,,10: 00 -- 18: 00
657,扬州装潢,,,,,,,延长西路宜川一村144号(近洛川路),13248253565,,全天24小时营业
511,扬州装修,,,,,,,成丰路1号(近华夏三路),13817031640,,全天
646,杨帆室内装饰设计(怒江北路店),,,,,,,怒江北路232号(近大渡河路),021-52139843,,上午9:00-下午6：00（周末不休）
927,洋灵装潢设计,http://shxlzs.cn.zhongsou.net/,,,,,,,中国 上海 上海市嘉定区 祁连山南路1515号,,每天的正常工作日
539,也美装潢,,,,,,,周浦镇康沈路1758弄,021-20921088,,早上8：00到晚上5：00
739,葉尊装饰,,,,,,,真北路988号金沙谷创意园4号楼112-113室,021-61313325,,
420,一轩装潢,,,,,,,上南路2779号211室(近德州路),021-58326799,,
555,友趣装潢(东方路店),,,,,,,东方路1381号蓝村大厦6楼C座(近蓝村路),021-50435955,,
614,友趣装潢(普陀店),,,,,,,白兰路137号绿洲广场B座1210室(近中山北路),021-62442178&nbsp;62442179,,9:00-18:00
877,友趣装潢(杨浦店),http://www.youqu.com.cn,,,,,,营口路578号海尚杰座9楼J座(近佳木斯路),021-65342605&nbsp;65342606,,9:00-18:00
700,于勤室内设计事务所,,,,,,,中山北路3856弄中环大厦2号712室(近宁夏路),021-52681995,,
156,宇安工作室,,,,,,,桂林路100号上海师范大学内(近钦州南路),13501651096,,43、166、224、703b、712、732、763、764、830、909、946、上嘉线、上朱线
701,羽曦装饰,,,,,,,真北路3588号B219室(近古浪路),18221822385&nbsp;13124849770,,9：00-5：00
492,玉祥装潢,,,,,,,三鲁公鲁918弄58号108室R座,13331873090,,上午7点到晚上8点
900,誉欣装潢,,,,,,,政立路653号,,,
417,元禹建筑装饰设计,,,,,,,向城路15号锦城大厦13楼D座,,,
125,圆园设计装潢,,,,,,,漕宝路36号和诚商务楼201-202室(漕溪路口),021-64847306&nbsp;64836583,,
547,缘浦设计,,,,,,,横桥路238号(近万达广场),021-68123006&nbsp;20960511,,上午8:30---晚上8:30
165,韵鼎建筑装饰,,上海韵鼎建筑装饰工程有限公司是一家集室内设计、预算、施工、材料于一体的专业化装饰公司。公司从事装饰装修行业多年，有着创新的设计、合理的报价，公司拥有一批稳定的江苏施工队伍和资深设计师，确保施工绿色环保，安全文明。 ,装修/设计,,,2003,龙吴路1500号B205室(近别克旗舰店),021-54355582,,早上8:00到晚上20:00
487,韵居装饰,,,,,,2007,东方路1363号海富花园5号楼18D(近蓝村路地铁站),021-58755928-1,,周一至周五9:30-17:30
773,蕴杰装饰工程设计(南山路店),,,,,,,南山路100号501室,,,
错16,泽田墙衣,,装修材料,,,,,打浦路350号3楼(近瞿溪路),021-63018579,,
907,展胜装潢,,,,,,,河间路1433号(近爱国路),,,
783,展兴装潢,,,,,,,共和新路3351号210-212室(近一号线汶水路站),,,
172,占庭建筑装饰,,"专业从事室内外设计装饰装潢企业,公司始终坚持“信誉为本、质量第一、服务至上”的宗旨,为广大消费者提供优质服务。",装修/设计,,,,龙漕路1弄7号(近漕宝路地铁站),021-54485860,,上午9:30~下午6:00
896,照虎装潢,,,,,,,国定路59号(近黄兴路),021-55061100,,
592,正成装潢,,,,,,,绿林路353号,,,
766,正茂写真广告,,,,,,,中兴路289号(近东宝兴路),021-56323862,,
718,中杰装饰设计,,,,,,2002,中山北路2299号2楼271室(近岚皋路),021-52855291&nbsp;32563881,,9:00-18:00
370,中尚装饰(杨高中路店),,中尚坚持“立足中国，开拓海外”的国际化发展战略，目前在中国拥有数十家分公司，服务网络遍布全国。全国中尚有100多位优秀设计师服务于全国各地高品位、高要求、高标准的客户。,设计,,,,杨高中路750弄金杨新村18号(近金桥路),021-60640178,,
错435,周六日9:30~5:30,,,,,,,,,浦东新区,
错567,专业桑拿会所泳池设计装修,,,,,,,浦三路1515号同福易家丽建材商城西区418室(近板泉路),021-50102312,,9:00-17:30
错838,咨询热线:400-881-5168,,,,,,,5,,闸北区,
904,尊宾国际装饰设计,,上海尊宾国际设计装饰是一家专业从事 写字楼、厂房、商业店铺、酒店会所、中高档公寓别墅等、空间装饰设计与施工一体的专业化装潢企业。,装修/设计,,,,营口路578号海尚杰座1号楼5楼5M室(近佳木斯路),021-61436975,,周一至周六
